name,age,street,city,state,zip,lng,lat
Michaela Johnson,63,893 Wise Square Suite 498,Robinborough,South Carolina,48850,132.871067,9.4522525
Isabella Padilla DDS,31,3921 Spears View,Brendanberg,Indiana,64438,-61.328304,-35.243328
Adrian Medina,59,74147 Riley Shoals,Millermouth,Arizona,10929,-35.562815,63.8605755
Andrew Harris DVM,60,0497 Caroline Mountains Suite 637,Taylorberg,Delaware,99015,23.273106,-24.0497485
Austin Salas,66,98438 Michael Crossing Suite 556,South Stevenbury,Massachusetts,67067,11.566560,-30.693519
Troy Foster,63,7511 Johnson Plains,North Adam,California,27327,132.239611,-74.7068165
Jeffery Hamilton,42,290 Krause Inlet Apt. 883,North Frederickside,Virginia,25167,154.254506,-56.646631
Cynthia Olson,77,9117 Francis Mountains,Anthonyfurt,Ohio,44414,121.036938,31.0183875
Joseph Townsend,31,92899 Clayton Cliffs Suite 394,East Jessicatown,Vermont,44342,46.267874,-58.1178405
Donald Martinez,43,7746 Jamie Rest Suite 486,Ellisstad,Georgia,06022,138.306211,-88.3792615
Jennifer Taylor,56,7135 Henry Vista,Westfort,New Mexico,37685,169.643002,-18.7548885
Jerry Wilson,77,527 Small Place,Terrifurt,Arizona,14879,-150.099813,-71.072436
Jerome Berg,31,450 Amber Club Suite 750,Lake Megan,Illinois,31586,-89.000347,88.1682475
Laurie Hale,79,95524 Richards Flat Suite 671,Yolandaton,Nebraska,23628,54.763069,-38.725183
Richard Shepard,64,0229 Noah Club,Lake Alice,New Hampshire,85464,-173.222948,1.5555255
Monica Ortiz,18,28648 Holmes Alley Apt. 389,Lake Lisafort,Georgia,00592,-96.154692,80.252381
Jessica Smith,53,1542 Shane Crest,Meganport,Vermont,84433,110.994018,-5.953828
David Vincent,33,29076 Johnson Hollow,Lake Alisonmouth,Missouri,37812,64.040908,-6.4517295
Bobby Frazier,63,224 Gomez Throughway Apt. 036,Port Wyattton,Arizona,93437,35.231833,76.3204785
Bryan Martin,65,1284 Linda Skyway,Fosterburgh,Kentucky,02927,-171.084985,31.0206905
Jay Taylor,72,9906 Lopez Trail,Marciamouth,Wisconsin,96664,44.730056,-37.7577015
Mrs. Haley Harris,74,158 Emily Shores,West Jeremyburgh,Florida,95396,151.235906,75.121730
Erika Robinson,23,3928 Davis View Suite 438,South Jennifer,Alabama,16452,116.038348,29.132532
Benjamin Dickson,20,880 Donna Station Apt. 903,East Thomas,California,20729,-168.186225,88.719759
Christina Rivera,49,24483 Julie Crest,South Richard,Mississippi,28431,-136.197214,87.0790975
Lauren Ortiz,34,8894 Mary Stream Apt. 410,Littlemouth,Indiana,32732,162.976702,83.678813
George Jacobs,48,45731 Felicia Ports Apt. 149,Lake Adam,Texas,23619,-116.280916,64.263385
Victoria Williams,52,892 Harper Wells,Lake Ronald,Nevada,65631,153.001730,-74.9982885
Alexander Wood,40,766 Cook Pike,Port Brianbury,Illinois,56279,84.462546,15.4781145
Nathaniel Taylor,40,423 Butler Islands,Smithton,Ohio,79758,-94.735609,78.107289
Karen Peters,78,5623 Bethany Flat Suite 859,West Brooke,Indiana,24153,131.328033,8.3209175
Elizabeth Pena,40,32966 Ricardo River Suite 497,New Timothy,Tennessee,59059,114.728994,28.546153
Maurice Rodriguez,80,866 Brian Avenue Suite 587,Weaverport,Delaware,35225,163.828320,-68.3263125
Jamie Curtis,39,70260 Butler Crescent Suite 672,Cherylchester,Delaware,97102,-74.147755,-9.681336
Colleen Abbott,76,330 Debbie Cliffs Suite 407,Gibsonhaven,Wyoming,21748,48.718953,64.6529315
Mary Bauer,42,7583 Stone Flats,Port Heatherfurt,Arizona,07478,-132.995208,35.1566535
Jenna Burnett,36,7802 Shelby Summit,South Alexchester,Illinois,78111,157.529861,-44.885666
Stephen Arias,64,93820 Dennis Roads Apt. 314,North Rachel,Texas,72209,-84.041451,-73.5406375
Richard Stewart,70,703 Sarah Circle,Pearsonview,New Mexico,87024,31.384480,34.764041
Lisa Cannon,73,6049 Murphy Branch,New Cynthia,Iowa,16062,12.963635,-16.070671
Kristine Munoz,38,075 Byrd Shores,Danielleton,North Carolina,40229,-98.819097,44.7281705
Austin Kelly,66,869 Melissa Lakes,New Heatherville,Indiana,82712,69.545674,89.000516
Diana Martin,31,761 Smith Plains Suite 756,Andrebury,Kansas,82304,-28.261112,89.345560
Angela Ruiz,47,9537 Carr Glen,Andreaview,Virginia,62866,-67.932452,33.2648225
Andrew Henderson,35,864 Jennifer Stream,East Scott,Connecticut,52239,-115.021472,-63.1723345
Kathy Parker,23,142 Mary Views,North Douglas,California,38876,121.237999,-19.048647
Mr. Shawn Gray,79,290 Robert Spur,South Karla,New Jersey,31268,-144.718198,54.4624235
Charles Smith,76,63075 George Islands,Joshuamouth,Nebraska,74881,145.630740,-36.9817815
Vicki Cooke,78,69286 Richard River,Carolineburgh,Georgia,14058,62.833206,-80.717291
Jodi Lewis,32,7266 Donald Groves Apt. 843,North Sheila,Georgia,55063,111.999299,-72.771835
Erica Stewart MD,67,315 Rachel Shoal Apt. 707,Dominguezfort,Arizona,28706,-159.464094,65.008557
Steven Valencia,70,4895 Baldwin Plaza,Cindyhaven,North Dakota,78461,38.225568,74.3486875
Kelsey Martin,30,989 Spencer Manors Apt. 188,Davidport,Virginia,53937,60.938191,-82.914991
Natalie Clayton,46,7785 Dillon Ramp Apt. 637,South Angelafurt,Utah,39732,-11.397494,-44.811650
Robert Davis,58,585 Curtis Mount Apt. 347,Lake Audrey,Indiana,78761,-40.251540,-27.155854
Bethany Garcia,56,512 Orozco Prairie,New Derekstad,Connecticut,47996,130.048711,-77.1298575
Robert Malone,43,0917 Randy Way,West Mikayla,Mississippi,40337,-95.488588,68.1826175
Jason Reeves,23,853 Vanessa Drive,Lake Selenafort,South Dakota,96799,56.237057,40.302291
Daniel Chan,67,000 Diaz Rapids,South Meganhaven,Maine,13313,-71.126635,-62.159663
Nicole Garner,54,3420 Rachel Cliff,East Timothyport,Tennessee,21428,25.042979,-34.219374
Richard Davis,33,413 Julia Flats,Suzannefurt,Connecticut,76349,10.249451,-47.591693
Christina Donaldson,68,37016 Matthew Mills Suite 451,Yangfort,Massachusetts,27638,78.971766,29.118445
William Lopez,32,5585 Gutierrez Hollow Apt. 450,West Lisamouth,North Carolina,38917,10.363891,-53.716370
Kerry Cruz,64,1320 Martin Neck,South Donnaview,Indiana,86223,51.088229,-66.008739
James Hernandez,41,9243 Stevens Unions,North Michelle,Tennessee,29817,-62.494256,79.0619435
Kathy Baker,60,18720 Cameron Lodge,Cookside,Indiana,34971,-95.512005,-52.315073
Jennifer Bennett,32,1152 Brittany Walk,Stephentown,Massachusetts,61438,-48.821492,70.123202
Randall Baker,40,0371 Jeanette Glens Suite 521,West Michael,Florida,30531,-125.327916,-0.7228065
Kyle Holloway,24,7580 Webster Common Suite 708,Pittmanport,California,88992,73.083453,-57.935536
Tina Johnson,19,32858 Vicki Trafficway,Tonyashire,New York,08522,-55.067956,58.864956
Jason Campbell,41,831 Potter Place Apt. 421,Hillfurt,New Jersey,36777,52.439287,-86.358200
Deborah Schwartz,52,05913 Derrick Field,East Carla,Alabama,55780,-37.036206,-19.855283
Philip Holloway,65,414 Lee Ways,Lake Lauraburgh,North Dakota,89869,103.497279,-21.2526895
Brad Smith,37,8353 Matthews Orchard,Turnerview,Delaware,17319,21.176731,88.5866505
Mary Ward,44,1297 Kenneth Circles Apt. 241,Jonathanside,Michigan,51404,-31.501279,-25.259054
Jerry Branch,53,1036 Ayers Hills,East Lindamouth,Illinois,22430,-117.601619,79.936137
Patrick Neal,34,86406 Maria Gardens,South Colleenside,Wyoming,66256,-113.931805,-20.3092295
Rachel Salazar,80,93336 Henderson Extensions Suite 050,West Alexis,Kansas,16806,93.456969,-13.001216
Nicole Fisher,36,28742 Jose Route Apt. 605,New Emma,Georgia,07027,10.193497,78.672270
Robert Klein,37,65536 Williams Tunnel Apt. 509,Jeffreychester,Arkansas,34010,-169.212811,33.083843
Danielle Williams,60,08724 Combs Lakes Apt. 489,East Gerald,North Dakota,10416,-100.939949,-18.969514
James Whitaker,46,64952 Richard Plaza,New Rachelfurt,Kansas,88667,-106.448534,81.890940
Megan Davis,66,880 Turner Fields,West Cynthiamouth,Michigan,47129,105.966769,-27.0909695
Melissa Morris,67,10397 Harris Station,West Tonyside,Georgia,03055,-132.383062,-48.893340
Angelica Matthews,18,1662 Michael Rapids,North Lauren,West Virginia,44464,-88.424192,44.9104675
Mark Garcia,76,327 Walker Spur,Keithborough,Louisiana,43715,144.762504,3.7163995
Andrea Harmon,41,334 Gonzalez Station,Lake Michelleland,Montana,28035,11.799429,42.654189
Ashley Torres,55,8080 James Ridge Suite 519,Hillville,California,94923,34.081712,88.3406145
Christopher Kelley DDS,69,7622 Greer Brook,Garrettland,Minnesota,53511,101.940959,-32.0838415
Keith Peterson DDS,23,20443 Davis Trail Suite 886,West Mariashire,New Hampshire,44141,21.124068,12.715903
Kristina Thomas,65,764 Evans Crest Apt. 571,Thompsonmouth,West Virginia,18998,-169.878127,-80.391631
Sandra Haynes,58,29921 Elizabeth Branch,Baileyburgh,Wisconsin,77588,127.577046,58.8434295
Jacob Peterson,77,131 Charles Burgs,East Alexhaven,Rhode Island,92754,149.432281,-64.4760235
Jacob Crawford,74,93014 Jackson Neck Apt. 514,Port Brandon,West Virginia,47407,-59.790706,-10.218453
Christopher Hayes,28,0347 Orr Stravenue Apt. 486,Valerieport,North Carolina,39604,-120.175444,-20.7491575
Jacob Lewis,80,837 Burnett Crossing Suite 354,Steventown,Washington,24144,-26.602150,74.3522185
Stacey Fitzgerald,71,70106 Ramos Street Apt. 825,Christopherside,Louisiana,70008,-74.842568,5.7712195
Shelby Williams,68,47276 Strong Drive,Hardyhaven,Ohio,84039,-177.059239,71.429518
Michelle Reilly,58,463 Carter Summit,Lake Stephanie,Arizona,84970,94.231138,-33.5528805
David Hawkins,41,908 Green Ports Suite 004,North Heatherton,Hawaii,18848,-120.474260,44.6596845
Leroy Ross,22,767 Williams Stravenue Apt. 777,Warrenside,Indiana,29400,-84.237902,52.8084675
James Miller,28,319 John Corner Suite 863,Williamsborough,Alabama,69830,-73.157697,42.9528625
Derek Robinson,62,144 Johnston Pines,Lake Garyborough,Louisiana,52312,139.561215,5.1219985
Evan Lee,57,17897 Bentley Lane,Lake Austin,Nebraska,02226,-172.517926,5.0906955
Andre Glover,39,5221 Byrd Causeway Suite 977,South Joseph,Utah,54792,-104.424986,13.109678
Hannah Mclaughlin,26,082 Craig Loop,Brendaton,Wisconsin,47330,-156.487338,9.7723595
Ashley Jones,80,612 Karen Stream,West Belindabury,South Carolina,37467,162.895958,54.187255
Angela Bennett,73,54750 Robertson Overpass,Darrenside,Wisconsin,20115,131.205562,-33.4721985
Samantha Flynn,26,811 Moore Pass Apt. 353,North Kevin,Oklahoma,37870,37.060071,-59.9327465
Brendan Smith,70,67776 Valerie Rue,South Richardstad,Maine,25795,-130.443516,38.5530665
Gina Palmer,33,86495 Bonilla Park,Zhangfort,Florida,12325,-65.409939,43.819276
Joseph Jones,33,860 Christina Throughway Apt. 024,South Robertborough,Rhode Island,20823,-44.335421,-40.1442215
Eric Watson,22,41555 John Neck,Tylerfort,Tennessee,33797,-131.175572,-9.8672605
Erin Dawson,76,5648 Kevin Road Apt. 064,Coreyborough,Tennessee,53366,-61.443871,-88.3737515
Kimberly Lloyd,52,797 Walker Garden,West Amyton,Illinois,86763,-141.874307,-56.5996145
Ryan Hill,36,66178 Laura Dam,Angelamouth,Missouri,43969,-25.440627,40.1644595
Amber Wood,45,297 Gonzalez Land,Robinsonfurt,Indiana,93788,46.295581,56.7992335
Erica Simon,36,2369 Seth Oval,Port Jennifer,Maryland,46091,-76.808790,33.2930855
Sara Kelley,30,42754 Kayla Trail,Gordonmouth,Nebraska,53286,135.053960,72.120269
Molly Wade,39,9981 Roy Point,Port Lisa,Wisconsin,11021,-104.667245,30.865299
Jennifer Gonzalez,19,00025 Love Lights,South Aprilhaven,Texas,75291,-118.304088,-70.435453
Karina Lewis,69,3191 Doyle Rapid,Rivasland,Mississippi,58077,-154.513214,-67.1263805
Jessica Alvarez,24,0923 Fred Mews,Herreramouth,Vermont,85616,-172.919031,27.510179
Jasmin Lamb,64,153 Deborah Landing Suite 664,Marshallside,Minnesota,64886,10.548639,-37.7383825
Gina Richardson,40,866 Stacey Meadows Suite 741,North Margaret,Alaska,55720,55.874304,-36.7709445
Dustin Porter,60,3583 Steele Spur Apt. 506,New John,Georgia,18116,-141.441077,1.585519
Kelsey Jones,42,1211 Butler Glens Suite 604,South Morgan,West Virginia,44873,11.979874,-56.022349
Brandi Blair,21,041 Tate Harbors Suite 511,Emilyland,New Jersey,65785,-41.472142,44.8415265
Mr. Brian Wilson,54,64429 Jill Lodge,Lake Michaelport,New York,81600,-99.791691,-15.1055485
Kimberly Ross,74,03349 Melissa Roads Suite 516,New Vanessafurt,Oregon,52572,123.190145,-3.6977165
Peter Best,18,02583 Amber Wall Suite 552,Kristenburgh,Washington,30302,-51.231987,-66.498913
Alyssa Saunders,30,2570 Justin Gateway,South Carloshaven,New Jersey,28281,70.384516,-24.527579
Thomas Green,49,63941 Davis Mountain Apt. 254,Lake Danielletown,Mississippi,80777,-89.303313,-61.662121
Patricia Mclean,33,7694 Ryan Cove Apt. 944,Peckborough,New York,12722,170.374402,-23.1437285
Karen Gomez,51,1060 Fowler Track,South Amberstad,Maine,79806,87.756868,37.761256
Tammy Perry,25,54274 Michael Ports,Robertview,Massachusetts,29993,89.622129,-67.139793
Deanna Morris,22,4450 Melissa Course Apt. 841,Anthonyside,Vermont,44186,144.875763,18.8255055
Julie Haney,53,54826 Ralph Locks Suite 704,West Maryville,Minnesota,23150,94.661437,32.803640
Brian Ross,23,46608 Watson Branch,Sanchezfort,Maine,77142,-34.367341,-74.6286745
David Walsh,73,812 Shaun Club,Port Monicaport,Indiana,27212,-60.597226,-20.424255
Troy Meyers,73,787 Tara Flat,Barnesland,Hawaii,57500,-94.950332,37.1830495
Mary Boyd,30,168 Nicole Springs,Allenside,Maryland,95817,8.261415,-75.8722925
Brian Phillips,22,70014 Garrison Alley Apt. 548,Johnburgh,South Carolina,60080,145.320904,-65.022190
Gary Richardson,73,3653 Stephanie Bypass Apt. 058,Port Natashafort,New Mexico,61854,128.498884,50.1464145
Debra Turner,65,1277 Luis Isle Suite 330,Leonland,Massachusetts,10134,45.505744,-76.1151345
Brent Diaz,58,304 Schaefer Cliffs,New Saraberg,Mississippi,70824,143.856171,-27.0534225
Janet Harvey,34,9662 Carlson Loop Apt. 490,Youngview,Vermont,75243,-19.983876,-79.3516345
Melanie Jones,21,34373 Johnson Mews Suite 898,East Alexis,Georgia,53143,162.826823,80.4509935
Joan Aguilar,66,19933 Marc Groves,Roblesstad,Illinois,93653,-150.591350,-50.8180935
Lucas Williams,43,7396 Duncan Bridge,Leechester,New Mexico,13394,-132.245486,70.789346
Evan Sanchez,34,92304 Jaime Isle Apt. 590,Brownmouth,Florida,50192,-86.105829,-54.9871205
Melissa Sheppard,41,3602 Escobar Spur Apt. 343,Smithfort,Montana,12848,-30.563735,-67.047879
Candace Mckenzie,19,84768 James Ridge,South Matthewton,Indiana,36766,74.084890,71.7573995
Kevin Gonzalez,49,7020 Martinez Springs Apt. 089,Stephenborough,Connecticut,71566,-30.718142,51.8837635
Gregory Compton,43,6680 Figueroa Gateway Suite 205,Evanstown,Montana,42480,-111.616342,18.230484
Jenny Murray,71,4375 Smith Lakes,New Debbiehaven,Alabama,54736,34.642319,-19.5457815
Nathan Cuevas,39,61398 Moyer Streets Suite 250,South Robinhaven,Virginia,92553,35.713426,-57.062909
Brandon Blake,65,995 Walker Plains,Frankport,Wyoming,79530,178.094059,40.3965725
Justin Ramos,70,98906 Andrew Villages Apt. 565,North Bobbyton,Louisiana,26962,88.378521,-52.204908
Larry Murphy,34,3361 Martin Divide Suite 826,North Christina,Oregon,43967,-112.060706,83.9711995
Michael Castillo,30,734 Garrison Stream Suite 967,South Craigfurt,Maryland,71281,-90.348859,88.036404
Kevin Glover,63,11893 Riley Harbor,Hermanfurt,North Carolina,94261,-90.906816,-15.636884
Seth Sanchez,78,089 Nguyen Inlet,Andersonmouth,Illinois,88821,-0.786064,48.3932975
William Robbins,63,54710 Bruce Gardens,Amyfort,Louisiana,59906,-63.174546,61.5399215
Stephen Avila,47,350 Brian Well Suite 591,Port Kaylaborough,New Mexico,45139,70.365041,4.135422
Sarah Barber,31,61347 Dorothy Ports Apt. 974,Dyerville,South Carolina,14292,149.513100,4.2611905
Michael Reed,24,6373 Jose Keys Apt. 170,Thomasfurt,Florida,12765,-87.912566,20.272663
Julie Mitchell,42,402 Hernandez Groves,Allenburgh,Minnesota,89066,-14.350775,50.786257
Vincent Randolph,67,43128 James Coves,Kelliburgh,Georgia,42802,163.438348,87.4502095
John Rivera,71,9280 Hale Islands Apt. 880,New Janet,New Hampshire,76749,-154.547592,61.5465115
Robert Herring,35,268 Arnold Neck,Freyberg,Illinois,53192,-54.235667,-16.8891155
David Gibson,31,906 Kimberly Ways,Lake Marcus,Michigan,73563,67.096470,-65.3575135
Michael Boone,38,618 Parker Overpass,New Benjamin,Washington,04402,174.633877,21.0822335
Cory Johnson,67,76166 Garner Ways,Wilkinsonberg,West Virginia,42088,0.580490,37.262015
Michael Brown,79,5451 Parsons Fords,Lake Sharonchester,South Dakota,67976,77.882222,73.5012705
William Herrera,32,36368 Benjamin Unions,South Shannon,Kentucky,80722,-115.622396,-62.2279125
Corey Adkins,33,904 Brown Burgs Apt. 228,Lake John,Georgia,46835,-80.400968,13.3978295
Julie Adkins,20,6148 Emily Glen Apt. 921,West Tarastad,Colorado,75267,-121.507668,86.641729
Susan Griffin,38,806 Booth Shoal,Lisamouth,Louisiana,95350,147.989573,0.006742
Tom Gonzales,40,33438 Carpenter Rapid Apt. 110,New Karen,Idaho,70770,-131.106180,76.5798385
Adam Ford,45,276 Angela Forks Suite 472,East Sydney,Massachusetts,03812,-122.866107,-36.376401
Christopher Carr,60,064 Moore Dale,Thompsonmouth,Georgia,55754,29.786819,10.671509
Jillian Gross,20,107 Justin Pike Suite 462,North Madisontown,Arizona,22329,-79.161229,65.961705
Robert Scott,41,64353 Ware Harbors Suite 897,South Ryanchester,Virginia,65155,-152.234927,-56.0250825
Megan Le,45,861 Waters Ranch Apt. 968,New Danielfort,New Jersey,74919,37.939297,-41.635691
James Diaz,77,2689 Hodge Pike,South Danielleburgh,Tennessee,82831,144.875847,9.9913975
Teresa Rodriguez,77,7944 Hall Ridges Apt. 664,Lake Jameshaven,Alabama,18681,-35.440494,-46.374764
Lindsay Alexander,68,9191 Sarah Place Suite 989,Robinsonhaven,Ohio,49975,71.393720,-38.111923
Haley Manning,69,2029 Sarah Trail,Port Ryanville,North Carolina,40047,-67.195876,-74.4636475
John Pierce,37,012 West Parkway Suite 694,New Holly,Washington,71766,-136.306133,-51.2056025
Rhonda Quinn,75,8508 Johnson Tunnel Apt. 581,Glennburgh,Tennessee,73868,-29.890443,39.0672605
Robert Mann,79,964 Freeman Fork,Lake Melissaberg,Rhode Island,02761,-64.105688,-1.1120195
Rebecca Gross,65,0185 Blake Motorway,Heathermouth,Massachusetts,61965,-37.308925,58.585381
Michael Tran,77,3675 Mary Forge Apt. 691,Port Heather,Arizona,29657,12.107757,67.2363945
Taylor Gomez,58,2670 Camacho Manor Suite 743,Bonnieville,Alaska,66551,-50.348066,-4.957218
Peggy Andrews,36,553 Kim Road Suite 551,Collierstad,Nebraska,69228,0.737541,18.9766025
James Hall,20,554 Eric Divide,Mcclainshire,New Hampshire,02548,7.510729,58.4498335
Anthony James,68,96616 William Forge,Kathleenbury,Delaware,82067,-122.644036,39.0723825
Michael Perez,67,04202 Watson Land Suite 170,Lake Tylershire,Missouri,31277,-27.120307,-27.7614955
Amber Bernard,18,6243 Jonathan Green Apt. 070,Mcintyrefort,New Mexico,90354,52.324973,-71.047062
Katherine Rodriguez,54,887 Shelly Roads,Port Ashlee,New York,80135,-14.631654,-66.7802755
Rodney Matthews,19,823 Amy Plaza,Lake Joshuaton,Wisconsin,40482,-48.457026,-55.767452
Jennifer Smith,66,76423 Jennifer Manor Suite 441,East Brian,Vermont,38589,-7.684433,-62.9626555
Veronica Fuentes,62,77319 Michele Prairie Suite 521,West Debra,Nevada,71102,19.266465,-9.9002275
Kyle Wiley,59,1246 Richardson Flat Apt. 085,Port Territon,North Dakota,29426,171.203020,20.4079425
Melanie Aguirre,28,238 Taylor Path,Ericmouth,New Hampshire,33570,51.241459,51.2386675
Melinda Soto,79,595 Greene Center Suite 424,Austinport,South Dakota,25682,-145.951047,79.8084625
Thomas Berger,28,53278 Samuel Estates,North Debbie,South Carolina,67198,117.096637,16.5385555
Amanda Cruz,22,0434 Mindy Unions,South Daniellefort,Nebraska,63135,101.258827,-50.5748865
Sarah Mckenzie,28,877 Collier Radial,Sosaview,Massachusetts,62777,-125.268456,-46.0817115
Robert Cole,41,4479 Edwin Cove,Gutierrezport,Georgia,98993,-142.556660,16.746902
Cathy Holt,57,7694 Mark Courts,Brownfort,New Mexico,91977,-50.884454,40.308550
Jose Villarreal,70,71988 Morris Extension Apt. 820,Hernandezland,Oregon,96730,-97.094218,32.009565
Jessica Ford,31,3923 Bobby Cove Apt. 246,East Christine,Montana,40874,85.112822,44.0710035
Samuel Walker,61,341 Madison Mall Apt. 876,New Willie,Massachusetts,34120,-10.155241,-47.047620
Jennifer Lopez,57,54095 Natalie Loaf Suite 177,Martinport,Delaware,92865,-118.988625,-67.1635265
Melinda Henderson,78,5743 Susan Courts Apt. 773,Nguyenport,Texas,68402,-165.433491,-72.957393
Rita Massey,19,156 Amber Coves,East Waynefort,Hawaii,81631,-79.352546,-45.851574
Debra Williamson,20,76808 Destiny Springs,South Dawnburgh,Indiana,94231,-33.650437,27.972909
Sara Ortega,19,558 Tonya Street Apt. 328,Andrewfort,Georgia,20070,-3.092282,-55.540894
John Mcdowell,49,96926 Travis Crest Suite 069,East Maria,Georgia,15663,-15.891585,-21.823899
Brandon Lucero,78,21529 Tina Junction Suite 474,Hayesmouth,Idaho,12436,-65.207647,28.8700795
Kevin Washington,32,7204 Pedro Fields,Jameschester,Rhode Island,04674,-108.137966,53.3901665
Rose Gomez,71,095 Wright Crossing,Fletcherview,Arizona,53379,-172.849763,40.5788745
Ronald Harris,24,2064 Amber Fall,North Rickyburgh,Georgia,33262,165.021088,-83.8628785
Brooke Wells,47,6879 Sherry Oval,Anthonystad,Arizona,52203,-91.192393,-10.390417
Jennifer Hamilton,44,607 Campbell Fields,South Randy,Indiana,08837,-60.052527,-57.8564335
Christine Todd,74,16225 Daniel Street,Justinfort,Virginia,96910,20.569672,7.456185
Andrew Sanders,57,0868 Benitez Manor Suite 464,Stephenborough,Arizona,92191,-11.574283,-56.445097
Erika Perkins,64,227 Jennifer Points Apt. 416,Lake Maryport,Georgia,60925,-164.074884,27.5812555
Michael Dunn,76,79894 Long Heights Suite 737,East Eric,Wyoming,23242,-162.206932,51.272424
John Mullins,47,10850 Wanda Extension Apt. 832,Sarahbury,Delaware,72322,40.213286,28.3589535
Nicholas Stephens,68,068 Phillip Club,Floresville,Iowa,86577,71.148615,42.6042945
Kristina Morales,30,32673 Zavala Islands,Duaneburgh,Wisconsin,82800,49.518913,-49.744835
Anna Gates,49,22894 Ward Walks,Phillipsmouth,Wyoming,22109,59.485751,-86.788143
Jeffrey Villanueva,57,24059 Karina Ferry Apt. 520,South Cassandra,Indiana,10349,125.866671,-52.989036
Rachel Tucker,25,45280 Robert Island,Dylanberg,Tennessee,81667,111.168397,33.727152
Taylor Johnson,64,54710 Powell Dale,Gibsonmouth,Nebraska,76559,-79.258683,41.251741
Carrie Lyons,19,8498 Shepherd Turnpike Suite 257,Port Robertport,Oregon,76068,-57.428289,-62.645817
Lisa Cruz,75,90484 Misty Forge,Port Nancyshire,New Mexico,36151,-48.309665,-13.4903815
Casey Ortega,35,019 Wayne Stream,North Amberside,New Jersey,23087,-77.650211,-14.721508
Rebecca Nelson,18,1414 Melissa Grove,New Tina,Illinois,58317,175.155685,-45.8004375
John Warren,55,63350 Michelle Fields,West Jessicaland,Ohio,23759,62.638429,-2.9831775
James Barrett,75,90181 Colleen Avenue Suite 724,Smithhaven,Massachusetts,26839,42.607166,24.4751025
Janet Garcia,79,92924 Duran Dam Apt. 099,Rebeccafurt,Michigan,25110,18.479809,9.7768395
Teresa Smith,42,975 Cook Villages,Yvonneland,Kansas,17769,-67.325951,37.9293775
Kenneth Bennett,38,36868 Brown Ferry Apt. 207,New Michaelton,Minnesota,02991,-59.549939,44.0622255
Wendy Berry,27,24014 Deborah Shoal,Krauseland,California,14291,29.143932,-58.345187
Dennis Howard,52,37165 Smith Harbors,East Timothy,Kentucky,33712,-161.757081,-24.1573855
Meredith Thompson,28,9754 Kevin Forks Apt. 254,Michellechester,Virginia,35794,114.097152,-53.8409125
Kevin Brown,78,796 Amy Mountain,Alexanderport,Montana,31355,-67.340593,12.545630
Jesse Cole,23,34734 Bailey Forest Apt. 063,Joneschester,Nevada,70011,-46.462689,-17.509153
Alan Ortega,74,5140 Justin Ville,Medinaburgh,Mississippi,82084,116.543529,61.908807
Diana Conner,56,87014 Frank Summit Apt. 225,Port Johnfurt,New Mexico,91817,-72.333149,49.3129425
Gerald Vaughn,41,238 Martinez Coves,Danielmouth,Kentucky,87798,154.613200,-26.9000135
Alec Choi,50,3248 Frank Creek Apt. 154,Williamborough,Rhode Island,79123,96.558095,4.918908
Kevin Davis,37,70489 Bell Village Suite 823,Phillipsmouth,Connecticut,70248,-43.990996,20.456772
Tracy Parrish,52,48166 Myers Rapid Suite 684,North Carrie,North Carolina,18806,39.476601,-2.1704015
Christina Singh,74,37763 Micheal Ports Apt. 102,Port Daniel,California,31120,178.327150,-85.3881615
Joanna Jones,33,1323 Robinson Rest Suite 960,East Raymond,Maryland,38449,59.145239,-32.849524
Austin Rose,79,423 Veronica Forks Suite 477,Williamland,Arkansas,64415,-38.762092,32.2749905
Patrick Marshall,57,27406 Dustin Locks Apt. 692,Jennaborough,Pennsylvania,27685,-21.810811,-36.665101
Christopher Hahn,59,3233 Moore Courts Suite 480,Fergusonbury,Illinois,49767,65.884838,-81.8749015
Christopher Zuniga,63,5447 Brittany Center Suite 891,East Sara,South Dakota,66925,-48.819065,-52.8148835
Christopher Green,25,79531 Judith Circle Suite 197,Karenburgh,Iowa,32839,-53.523569,0.047484
Krystal Horn,49,490 Herbert Forks Apt. 637,Lake Christopher,Nevada,81584,-124.453863,0.2170235
Aaron Mcbride,51,5245 Hardin Ramp Apt. 572,East Diana,Missouri,66969,-40.643187,-56.290133
Shawn Diaz,52,5779 Edwards Row Suite 905,Mendeztown,Maine,40299,-110.075109,54.6081265
Brent Graves,73,9353 Rebecca Isle Apt. 835,Kellerside,Iowa,26714,-82.748329,-71.691508
Edward Peterson,18,6231 Carroll Mountain,Patrickside,Missouri,94204,-41.366647,-65.790481
Sarah Tran,37,38676 Lewis Island Apt. 842,East Jackmouth,Oklahoma,90499,-158.883008,-72.719009
Lori Shaw,66,70185 Michael Route Apt. 767,Lake Austintown,Wyoming,49763,-105.477363,-17.693098
Brian Elliott,48,22200 Laurie Stravenue Apt. 752,Jenniferton,Pennsylvania,20165,38.347880,82.4283195
Maurice Friedman,19,8886 Byrd Viaduct,Port Mark,Indiana,24682,-10.069395,14.5004435
Taylor Johnson,58,2602 Keith Spurs,Williamsside,Wisconsin,77885,-11.460469,89.2751205
Katherine Serrano,31,83840 Reynolds Plains,Youngton,Minnesota,33154,-164.430788,21.255388
Andrea Duffy,68,1466 Mills Village Apt. 444,Johnville,Kentucky,04629,-151.094161,-23.4856915
Taylor Ray,67,50461 Marshall Extensions Apt. 886,South Lisaburgh,Wyoming,10654,118.047829,-65.315416
Tyler Miller,59,96761 Robert Inlet Suite 775,Penningtonstad,Massachusetts,23731,-36.403700,-10.726196
John Ford,28,603 Rodriguez Springs Apt. 545,Lake Jordan,Alaska,97257,-136.538667,58.3997965
Crystal Morrow,21,74038 Hartman Ferry,Karenstad,Wisconsin,33603,-176.637853,-11.6799835
Daniel Smith,20,4702 Phillips Ridges,Adamton,Kentucky,17794,42.360497,35.207113
Megan Choi DDS,20,0678 White Dale Apt. 057,Joshuamouth,Minnesota,41283,105.446240,75.322428
Angela Smith,77,7330 Allison Avenue,West Thomasborough,Pennsylvania,29474,-87.291215,-77.933878
Angela Flowers,49,86641 Guerra Plains,East David,New Hampshire,45411,177.013560,-87.8520535
Joseph Pierce,36,41593 Ronald Mission Suite 346,North Angelafurt,Missouri,89197,170.933537,76.0328485
Julie Hall,25,66681 Andrea Walks Suite 823,South Donald,New Jersey,96266,70.909924,-12.414662
David Parker,27,90339 Collins Bridge,Brianabury,Connecticut,70924,-121.102156,12.8359425
Alexander Trujillo,28,1616 Russell Canyon Apt. 391,West Craig,South Carolina,50807,158.846130,-66.195681
Destiny Chase,55,16211 Mccoy Keys Apt. 150,New Jessehaven,New York,19722,-172.417554,-82.329181
Nathaniel Mccann,19,430 James Row Apt. 161,Lake Stephanieview,Nevada,64862,13.197920,-86.063335
Amanda Sexton,58,3696 Laura Run,Marciaside,Tennessee,76204,-160.635184,47.703689
Matthew Jackson,22,214 Christine Isle,Robynhaven,Arizona,29411,-40.276000,89.900457
Jeffrey Mitchell,74,841 Luke Ford,South Amy,Pennsylvania,42316,12.561259,79.013411
Edward Dean,43,761 Victoria Hills Apt. 200,Lisaview,Iowa,27899,-113.339004,84.920888
Rebecca Norris,67,6748 Joshua Meadows,Benjaminstad,Pennsylvania,31456,-15.652796,-28.5921935
John Harrison,49,401 Jon Lights Apt. 716,South Colleenburgh,Arizona,91819,55.327948,17.3373955
Troy Patterson,66,780 Lamb Island Apt. 620,New Karen,Kansas,78573,-43.187312,-83.5183285
Clinton Stewart,22,010 Nicholson Branch Apt. 465,Grossberg,Vermont,28918,-141.562385,30.1187345
Raymond Wilcox,36,379 Joseph Gardens,South Connie,Hawaii,05700,1.096023,17.426511
Tammy Watson,25,144 Gilbert Rapid Suite 586,Heatherhaven,Kansas,23658,95.614562,-24.6476745
Kristi Mcgee,27,224 Daniel Glen Suite 870,East Jasonbury,Alabama,93036,-14.337004,39.6989615
Jane Armstrong,24,1673 Joseph Tunnel,South Monicaburgh,Colorado,83018,58.470707,-40.486600
William Summers,25,05029 Chang Locks Suite 984,Lake Barbara,Ohio,46000,-160.908325,5.483642
Lauren Bond,69,2906 Courtney Park Suite 214,South Shelbyview,Delaware,63063,165.168913,-11.4028655
Tracey Pierce,62,8600 George Mount,Lake Stephen,Vermont,55545,26.075258,-46.294197
John Henderson,40,1199 Lewis Canyon,Port Amyview,Idaho,77315,-158.875368,59.764266
Deborah Moore,36,4855 John Manors Apt. 477,West Aprilshire,Pennsylvania,55519,-135.075851,-7.851681
Jennifer Harper,54,118 Brian Brook,Christophermouth,New York,74411,47.816754,-28.0446565
Cindy Barber,74,07015 Christopher Pass Apt. 806,Jacquelineberg,Arizona,54236,-62.672456,-25.322397
Benjamin Taylor,23,733 Sharp Mountains Apt. 249,South Tiffany,Kentucky,08670,-66.236512,-23.701138
Paul Kennedy,57,183 Diane Drives,Lake Kellyside,Illinois,14995,7.528648,-62.7248555
Alan Anderson,38,49822 William Mountain Suite 314,East Kristenberg,Hawaii,11540,-67.018365,-89.6841145
Nancy Jefferson,50,38633 Jason Crest Suite 131,Deckermouth,Texas,09540,-112.587102,17.356784
David Perez,52,11446 Andrea Ford Suite 775,Port Carolynton,Georgia,34871,-57.038499,-35.562777
Jeffrey Robbins,24,6630 Williams Via Suite 330,East Curtisside,New Jersey,49644,153.187968,10.968484
Tiffany Rodriguez,46,6285 Davis Valley Apt. 707,South Laura,Colorado,85054,-167.565073,-62.4228025
Terry Miles,32,0684 Mary Villages,Stephenbury,South Dakota,77691,-88.500840,-21.516290
Brianna Warren,54,05292 Andrews Drive Suite 921,West Deborah,Illinois,83939,-52.606017,-40.895649
Christian Ware,59,8784 Duffy Tunnel Suite 791,Port Douglas,Hawaii,93399,-3.850570,-1.0121885
Keith Mckee,48,10741 Carol Spur Apt. 667,Monicaberg,Georgia,41065,158.359106,-43.2334565
Jessica Estes,53,0836 Buchanan Manor,West Barry,California,88889,-19.463009,7.750089
Michael Hurst,43,1977 Nelson Orchard Suite 088,Smithfurt,Kentucky,64978,18.956333,-5.6978615
Matthew Costa,30,803 Johnny Brook Suite 596,South Tylerborough,Hawaii,82729,-94.583447,-23.470920
Cynthia Anderson,50,436 Kelsey Shoal,Olsentown,Kentucky,47513,153.404846,-72.6030485
Stephanie Williams,73,004 Jason Keys,Robertbury,Nebraska,17251,171.302989,16.6753005
Dr. John Palmer,42,7025 Sharon Mills Suite 910,East Dennis,Louisiana,91284,10.234403,-70.0751735
James Cortez,18,692 Harris Tunnel Suite 896,Ramirezbury,West Virginia,86451,-135.240054,-7.9366665
Justin Ruiz,68,9142 Hughes Points Suite 518,Danaborough,Kansas,24142,-114.794546,-50.661314
Daniel Rhodes,60,7784 Julie Ridges,Phillipsmouth,Connecticut,74426,93.432386,-29.547446
Alicia Mullins,57,3019 Rice Bypass,New Misty,Kansas,83564,32.315857,-12.230082
Michelle Evans,45,9928 Elizabeth Overpass Apt. 332,New Joshua,Nevada,32037,178.252379,58.631511
Duane King,53,292 Christina Turnpike,West James,Virginia,44815,145.444014,-63.4591455
Donald Hanson,40,2000 Gomez Causeway,New Vincentton,Oklahoma,19163,-137.404057,11.219998
Julie Ramos,52,812 Diaz Prairie,Rebeccashire,South Carolina,84337,-64.929808,84.4051205
Dennis Townsend,61,2826 Smith Landing,Hulltown,Wyoming,46744,14.720039,1.435135
Dwayne Smith,41,853 Bailey Tunnel,Joshuafort,Kentucky,93794,159.896703,-41.349091
Felicia Drake,56,72782 Gary Fall,North Tristanton,North Dakota,16543,47.792999,72.219366
Mrs. Stephanie Cervantes DDS,67,33395 Paul Mountain Suite 556,East Sarahville,Louisiana,51242,51.816199,-6.653151
Christopher Kim,59,422 Arthur Harbor Apt. 647,Port Lisa,Indiana,03853,-50.832114,74.6207475
Monica Atkinson,49,406 Davis Neck,Rossview,Mississippi,94082,85.935598,26.7725905
Sara Garner,38,5240 Charles Creek Suite 165,Wyattmouth,Hawaii,75085,31.727325,-24.6486845
Christina Rodriguez,53,362 Karen Vista Apt. 903,New Amandachester,Idaho,61543,-170.279096,53.4912115
Thomas Fleming,25,1419 Coleman Rapids Apt. 535,Port Jenniferborough,Illinois,22375,150.283836,21.5684015
Deanna Powell,44,5292 Phillips Skyway,North Christianburgh,New York,68819,84.257908,1.7544185
Amanda Thompson,76,3778 Griffin Mills,Port Cindyfort,Missouri,14973,-11.343965,20.449279
Brooke Sanchez,49,575 Garcia Street,North Collinmouth,Oklahoma,18486,-135.228931,84.009992
Lisa Rodriguez,43,094 Matthew Throughway,Skinnerstad,North Dakota,81646,98.940218,-68.468381
William Shaw,66,121 Maureen Orchard,West Susanstad,Michigan,91945,21.543270,15.6974735
Annette Parsons,48,003 Belinda Tunnel Suite 076,North Michaelfurt,Alabama,23248,175.832044,-62.1267555
Ashley Richardson,23,9427 Watson Lane Apt. 867,Mooreshire,Montana,29917,175.123470,-20.2889435
David Long,30,95857 Gonzales Burg Suite 494,South Christopherstad,Vermont,06656,6.486539,17.0584705
Pamela Anderson,35,781 Miller Branch,Munozfort,Georgia,25433,44.587923,-40.0314015
Heidi Archer,59,38142 Gregory Stream Apt. 412,Dylanchester,Georgia,61096,154.448484,-45.477234
Susan Miller,58,4289 Arias Cliffs,Brandonstad,California,46621,119.366795,-15.8133895
Charles Prince,66,004 David Square,Wilsonburgh,New Mexico,58221,165.293215,-37.9213505
Lisa Shelton,49,67695 Ewing Path Suite 120,Stoutport,Tennessee,82113,70.780437,-40.770545
Tyler Lee,36,840 Nathan Port,Robinstad,Utah,06677,26.402923,-4.572147
Dawn Ramirez,33,842 Powell Neck Apt. 241,Cindyport,Iowa,84869,-138.580895,78.3207335
Jessica Clark,60,17637 Patton Park Suite 736,West Sarah,Pennsylvania,62757,22.731886,-0.6097335
Paul Foster,18,857 Gary Wells,Seanmouth,Florida,86034,-101.031133,7.466170
Austin Russell,49,3888 Sara Islands Apt. 577,New Melissa,Arizona,07693,-29.194011,-20.357351
Stacy Steele,80,1946 Chad Garden Suite 732,Lake Joseph,Colorado,04752,-160.415951,27.213928
Amy Barrett DVM,56,6677 Jose Gateway Apt. 441,Johnchester,Illinois,25291,-86.353380,-81.5097145
Robin Norton,62,05322 Walsh Pass Suite 936,South Jenniferfort,Alaska,63684,-146.595772,30.930317
Lisa Johnson,19,81827 Anderson Station,West Justin,South Dakota,52323,-30.176916,-58.127325
Dana Page,51,175 Watkins Manors Suite 902,Lake Mario,Maryland,89281,141.581012,23.0938075
Loretta Love MD,80,767 Lisa Trafficway,Martinberg,Indiana,20149,-171.849578,-0.975928
Stacy Smith,24,593 Matthew Branch,South Rebeccaside,New Hampshire,94998,14.940299,27.690687
Kayla Morrison DDS,30,5994 Craig Brooks,West Carmen,California,24821,136.369769,-68.6806715
Lucas Drake,80,626 Lisa Oval,Kramertown,Ohio,86310,140.582049,-14.1172815
Lisa Bailey,28,868 Bruce Centers Apt. 228,North Jaredfort,Colorado,08179,-19.448648,26.4746395
Michael Lucas,42,15517 Harris Spur Apt. 106,Port Keith,Nevada,00856,-122.956712,37.795022
Dean Soto,18,0808 Roach Locks Suite 716,Robertsonhaven,Louisiana,12013,-80.213835,-84.211954
William Johnson,77,3322 Jamie Brook,Stevenberg,Hawaii,02891,-9.052954,-46.847800
Jennifer Rodriguez,73,487 Taylor Fall,East Kevin,Pennsylvania,82933,-158.920734,-24.298179
William Pierce,30,263 Kelly Burg,Garzafurt,Minnesota,77387,-55.005528,47.8177385
Melissa Hill,71,6355 George Club,New Mary,Florida,03515,-146.506547,52.020367
Derek Carr,79,87682 West Points Apt. 151,Stewartton,Michigan,89170,155.974055,-29.549391
Megan Weber,77,29298 Martinez Forest Apt. 006,Stephensmouth,Minnesota,18504,29.887379,87.8596365
Anthony Hood,53,1701 Michael Manor,Samuelstad,Washington,80277,-47.807032,-27.4673995
John Pacheco,51,633 Burgess Parkways,Thomasland,New Jersey,68727,80.272249,-34.0517105
Jennifer Cook,78,538 Faulkner Village,Lake William,Hawaii,95753,7.667551,-0.9986595
Brendan Mills,22,28207 Boyd Pike,Jonathanberg,Georgia,25730,82.838992,-23.2480895
Russell Gonzalez,32,797 John Lakes,East Margaretside,Florida,41650,-53.848214,39.9277605
Jessica Reynolds,41,1306 Compton Plain Apt. 102,Tonyashire,Tennessee,21332,70.441239,-15.2803325
Jamie Gonzalez,62,1267 Margaret Manors Apt. 621,Rebeccaland,Mississippi,60137,-119.180696,-70.5309945
Leslie Hogan,62,54049 Steven Creek,Osborneshire,Montana,64607,160.407949,19.840551
Michelle Johnson,75,74103 David Valleys Apt. 664,Hansenland,Mississippi,45446,-93.196062,-0.662112
William Friedman,49,8645 Richard Isle,New Mary,Oklahoma,72550,17.100578,-43.579816
Michael Huang,64,6989 James Coves Apt. 999,Lake Jeanton,South Dakota,64963,-59.098957,-78.510409
Richard Williams,46,34805 Stephanie Trace Apt. 364,Meganmouth,Vermont,02762,-31.602485,13.932544
Christina Carter,20,1246 Short Inlet Apt. 171,New Michaeltown,Vermont,24090,-141.033219,-87.6878845
Shannon Vincent,65,7205 Julie Square Apt. 446,New Kellibury,Rhode Island,86139,17.311942,-32.2185415
Kevin Sanchez,31,70403 Delgado View Suite 318,Wrighttown,Alaska,20883,50.377363,26.7643705
George Walker,22,011 Teresa Turnpike,North Loritown,Pennsylvania,92146,-63.259474,-87.5911175
Marcus Cook,46,6263 Donald Plains,Michaelmouth,Alaska,40222,-107.205743,-46.042151
Mr. Jonathan Douglas,21,537 Amanda Pines Suite 234,West Stevemouth,Virginia,62908,16.251403,-65.1898905
Jamie Gutierrez,66,0744 Maureen Point,Port James,Ohio,83360,69.867630,39.9274575
Carlos Hughes,58,274 Miller Canyon,North Valerie,Maine,24784,91.306746,17.7961685
Christina Fisher,21,38906 Holly Street,Whitefurt,Nevada,23196,49.069932,47.733991
Annette Logan,21,33020 Courtney Walks Suite 944,Terryview,Rhode Island,07296,126.948981,-49.621026
Christopher Powell,25,04974 Kelsey Lodge Suite 046,Bellside,Montana,87361,115.989310,81.872509
Ryan Reid,50,024 Matthew Glen,Lake Brittany,Florida,09909,75.582654,40.859417
Alexander Bowen,55,52480 Alexa Shore,North William,Rhode Island,21382,-34.440534,-56.110825
Tina Juarez,35,951 Monica Cove,Boydhaven,Rhode Island,55767,-123.829204,72.6556935
Ashley Gray,55,94260 April Islands Apt. 514,East Stacy,Connecticut,18808,40.512277,3.576716
Ian Ward,35,352 Gould Crossing,West Richardside,Missouri,61285,-98.866852,29.025992
Lisa Davis,22,1402 Jeremy Hills,Bentonberg,Colorado,80093,177.696705,54.097078
Samuel Sweeney,39,659 David Hollow Suite 125,New Samanthaview,Nevada,87800,127.001175,16.9050885
Valerie Stone,50,337 Hunter Lane,Millerland,California,52684,100.400399,-1.0849995
Julie White,64,4610 Johnson Mills,South Arthurside,New Mexico,40449,-105.816348,18.5375215
Bianca Berry,20,52283 Danielle Park,Lake Jomouth,Michigan,55543,50.724361,-36.484800
John Owen,41,87637 Jamie Heights Suite 307,West Joshua,Massachusetts,92218,-158.686207,6.161451
Darrell Doyle,60,960 Alexandria Route,Gutierreztown,Michigan,87737,-158.987939,-37.1174645
Anne Williams,76,391 Doyle Loaf,South Daniel,Michigan,49649,34.880121,3.8884395
Patricia Green,71,5997 Steven Keys Suite 488,West Williamberg,Kansas,72859,14.138277,-6.6170885
Lori Livingston,26,76768 Ryan Divide,Sharonmouth,Kentucky,45533,53.230193,36.141332
Chelsea Berry,44,51806 Jacob Causeway Suite 439,North Christopher,West Virginia,55681,-142.827252,-0.0465565
Marcus Frazier,24,1714 James Views,New Teresaberg,Indiana,53656,150.688008,64.3884815
Brett White,19,4748 Joshua Knolls,Gonzaleschester,Tennessee,53504,91.556451,56.4926015
Jorge Steele,21,556 Ann Throughway Apt. 379,Lake Joton,Connecticut,41151,-83.099459,-28.8390625
Claire Davila,43,43036 Bonilla Rest,West Alexburgh,Massachusetts,82878,99.193565,-28.058386
Paul Rojas,75,39840 Lewis Corners,Kristenborough,New Jersey,57579,144.912325,-58.1545695
Jennifer Sparks,79,1022 Cassandra Street,West Zachary,New Hampshire,62295,-167.859170,-68.1133225
Kristina Miller,31,0392 Reed Inlet Apt. 680,Janiceland,Michigan,37316,20.259027,-63.1438805
Michelle Martinez,64,2162 Jeremiah Summit,Samanthastad,Iowa,78668,-152.660396,-58.0193585
Billy Gregory,53,060 Hill Plaza,West Veronica,Kansas,70653,-45.581745,-10.8518475
Shannon Escobar,59,854 Roberto Meadow Apt. 563,Allentown,Florida,68768,69.478023,-86.3379495
Tara Gray,54,7880 Wilson Lake Suite 700,Port Christopherview,Hawaii,13475,-43.422660,-12.1343145
Meghan Parsons,44,79247 Ferguson Road,Eugeneview,Vermont,28446,-43.351418,10.2278735
Kathryn Phillips,70,5624 Smith Lodge,South Donald,Pennsylvania,17617,160.618063,1.8704335
Charles Booker,73,24170 Burns Glen,Rodriguezmouth,Rhode Island,23034,-157.413748,9.158293
Kristen Martin,51,761 Morgan Square,Meltonbury,Nevada,72714,-160.547396,37.9238505
Kristin Barr,31,39117 Klein Crossroad Apt. 298,Nguyenhaven,New York,27467,117.195532,-68.047150
Cameron Nichols,54,522 Oconnor Mountain Apt. 296,North Jasmin,Wyoming,71159,14.102830,-41.6807655
Lisa Boyd,21,30059 Ellis Inlet Apt. 649,Port Donnaberg,Florida,91821,-152.813237,29.8998535
Chloe Allison,63,84897 Joseph Ranch,North Derek,Rhode Island,43601,171.978061,-5.169504
Amber Johnson,27,62763 James Bypass,Hernandezmouth,Wyoming,45228,-124.643116,-44.8032945
Christopher Joseph,26,33913 Holly Land,Robinsonview,Vermont,60322,-138.851285,55.1227975
Brent Wood,20,68045 David Prairie,South Chad,Rhode Island,49272,86.390860,74.7400245
Bryan Tucker,31,47415 Anthony Road,Bonniefort,Kentucky,56663,-106.116636,78.597515
Sydney Sullivan,73,59299 Jonathan Lock,Port Frank,Oregon,26731,-83.670003,59.4914845
Sophia Miller,44,39717 Carrillo Ports Apt. 671,Dylanville,Florida,72097,7.555877,-60.054909
Ryan Myers,58,6780 Smith Inlet,Dennisside,New Mexico,83695,-47.536144,-67.4808415
Ashley Chung,37,779 Wilson Bridge Apt. 574,Ramirezmouth,West Virginia,50735,-28.607803,17.1921835
Kristie Moore,62,4080 Shannon Falls,East Michael,Vermont,34925,111.093174,-67.2230025
Warren Kline,26,54339 Emily Creek Suite 598,North Amandaberg,Wisconsin,23361,-160.484533,-4.4202055
Andre Williams,64,70567 Williams Hill Apt. 916,West Connorview,Missouri,42680,-154.161008,-73.753709
Thomas Drake,21,715 Catherine Lodge,Aguilarfurt,Vermont,80542,83.623119,-75.889057
Thomas Page,72,24939 Valerie Orchard Suite 129,Lake Donald,Alaska,04924,111.273112,-83.530307
John Ramos,47,732 Brown Trafficway Suite 308,South Jodiview,California,91581,-110.181960,32.8605455
Brandon Keller,71,6396 David Inlet,East Roy,Alaska,29743,-62.700409,-69.1498235
Emily Faulkner,23,8281 Wallace Way,Stevenberg,Massachusetts,65968,136.505419,-73.0152025
Colleen Sanchez,71,21562 Sanchez Prairie Suite 092,Michaelton,Indiana,70378,51.407746,16.6872895
Jesse Herrera,61,766 Wendy Lights Apt. 424,Johnton,Iowa,50094,-57.954222,16.1442615
Amy Wright,33,7874 Taylor Views,Morrismouth,Delaware,91925,-15.187790,62.2449805
Angel Carroll,27,76214 Elizabeth Summit Suite 398,Baileyton,New York,06464,-109.199886,82.463509
Jennifer Cannon,34,175 Morgan Mount Suite 397,East Vanessa,Wisconsin,18536,167.402997,-5.382203
Michael Gross,31,245 Russell Pines,Jasonberg,Utah,12975,-155.842401,19.872752
Adam Fields,24,0324 Matthew Fork Suite 514,Erikfurt,Georgia,61978,-137.465261,-20.565098
Jeffrey Hull,71,129 Silva Place,Gambleborough,Michigan,77813,-35.015658,-44.4248675
Mrs. Megan Scott MD,67,2722 Miller Passage,South Margarethaven,West Virginia,67802,-81.806154,-74.3294675
Amy Perez,35,12461 Day Highway Apt. 848,Annetteborough,Tennessee,21189,-150.138711,-31.9105805
David Johnson,77,4494 April Haven Suite 933,Perezhaven,Delaware,02235,-154.931149,-85.1172285
Carlos Patterson,65,258 Vance Station Suite 192,Mckenzieland,New Hampshire,13568,-90.092943,-78.6714085
Christina Lucero,53,662 Travis Stream Apt. 079,North Derrick,Connecticut,40090,131.334708,-75.6618905
Patricia Wells,63,91401 Debra Radial,New Austinstad,Pennsylvania,61875,24.989855,71.838641
Rebecca Abbott,28,870 Michelle Unions,Coxville,Kansas,41291,146.756200,-50.1081735
Dr. Donald Scott,63,2017 Reginald Park,West Brian,Ohio,10069,-115.915906,69.6401545
Sherry Johnson,46,097 Taylor Row Suite 683,New Jesseview,Utah,95583,-146.180250,3.1764955
Denise Allen,41,02932 James Viaduct,Collinsside,West Virginia,01611,92.350731,-9.053131
Anne Davis,77,870 Jones Shoals Apt. 993,Blackchester,Oklahoma,04884,97.648797,-64.8155195
Rebecca Olson MD,57,011 Janet Forks Suite 939,Joshuatown,Washington,97735,-135.014400,-87.072213
Christine Smith,47,15141 Norman Summit Suite 604,Port Jamestown,Arizona,88525,56.265076,-36.3743065
Patrick Jones,43,4434 Mahoney Manors,East Aaronmouth,Mississippi,20049,-14.942811,-62.035291
Patricia Parsons,67,318 Audrey Lane Suite 118,Lake Wendy,Rhode Island,37816,-140.575409,-30.9419325
Tiffany Davis,28,84677 Alexis Grove,Nealburgh,Minnesota,74159,-42.279194,43.1098365
Tiffany Young,70,273 Nicole Squares,New Andrew,New Hampshire,46696,-49.364343,7.409670
Phillip Gonzalez,78,9208 Cordova Junction,East Miguelfurt,Nebraska,17830,-92.585839,45.7058825
Denise Landry,34,6053 Chapman Well,East Cathy,Kentucky,89872,80.200073,30.5489155
Dr. Teresa Porter PhD,71,41438 Mark Mill Suite 175,Tuckershire,Missouri,52069,-125.318978,-24.888154
Stephanie Smith,25,77012 Roach Flat,Lake Jasmine,Oklahoma,66246,38.978112,-38.4708355
Heather Jackson,24,80766 Robert Ford Suite 903,New Amandabury,South Carolina,37571,20.835317,-56.6259695
Jeffrey Prince,37,07163 Martinez Via,Steelechester,Delaware,15227,-68.809493,-78.6762975
Mark Henderson,33,955 Nicole Branch,West Mary,Idaho,39324,-103.260590,83.2088385
Brandi Wilson,50,2334 Gallagher Extensions Suite 646,Griffinfurt,Rhode Island,20925,156.168109,-76.874711
Stephanie Johnson,62,36964 April Walk Suite 846,Lake Joshua,Idaho,91315,61.953753,38.6228775
Darren Stevens,40,380 Crystal Plaza,East Donnabury,Idaho,92607,85.077782,-6.6752505
Tara Garcia,36,7126 Theresa Extension,West Kristy,Kentucky,57717,-130.235863,14.053527
Reginald Jones,75,3872 Kevin Port Apt. 022,Johnburgh,Nebraska,28321,-166.123588,-51.962738
Justin Johnson,43,46375 Beverly Manors Apt. 112,Marcstad,Mississippi,46742,-51.025622,74.8957915
Dwayne Hughes,33,914 Stephanie Flat Apt. 693,Lake Carriebury,Colorado,28633,147.096660,37.6711865
Sarah Bell,51,37905 Eric Wells,Ronaldside,Arkansas,10526,-171.741952,-52.5707135
Michael Faulkner,63,4273 Shane Ranch,Brownhaven,Michigan,10768,137.034862,26.3273975
Lindsey Brooks,80,2947 Jennifer Row,Levyfurt,Ohio,70426,147.247529,-3.6114645
Amanda Harrison,69,80994 Graham Fields Apt. 151,West Jacquelinechester,Connecticut,68324,144.436659,-15.376622
Kelly Jackson,39,6150 Stanley Walk,North Kent,New Jersey,53879,-155.370521,-65.3010505
Jesus Hayes,76,98217 Amber Garden Apt. 544,North Daniel,Georgia,76821,106.517313,51.6171275
Molly Carr,25,141 Deleon Points,Donaldside,Ohio,70728,27.518188,68.9504605
Jimmy Sanders,52,4278 Timothy Tunnel Apt. 263,South Karenfurt,Texas,48802,125.491901,77.380022
Stacy Morgan,20,4610 Mcconnell Way,Guerreroville,Minnesota,15868,-37.015022,62.168938
Mark Cook,55,2582 Sullivan Mission,Olsonberg,Minnesota,43678,-29.969451,12.7959315
Jennifer Medina,28,40298 James Port Suite 575,New Christine,Indiana,49430,146.540143,41.263533
Amanda Davenport,39,384 Dana Crossing,North Tonyabury,Vermont,41943,-171.219910,-27.890167
Dawn Burnett,49,082 Donald Radial,Allisonshire,Ohio,37396,-9.853866,-28.380187
Adam Chandler,43,51137 Cantu Mission,Freemanfurt,New Hampshire,76733,145.369158,24.9246695
Amy Baxter,50,450 Deleon Locks,Scottfurt,North Carolina,06570,-31.785999,71.839900
Sarah Li,52,9377 Abigail Roads,Fowlerville,Alabama,39967,40.744901,-51.6217315
Claire Weber,33,126 Kelly Green Apt. 292,Christopherfurt,Indiana,08789,-147.615898,-65.7259435
Alexandra Soto,34,38041 Lindsey Freeway,Duarteshire,Ohio,88131,-94.750091,-65.1454155
Mark West,58,6024 Gomez Port,Stewartburgh,Nevada,53018,84.395861,-59.917812
Henry Miller,55,05247 Gonzalez Mission Suite 540,North Valeriefort,Alabama,12802,-33.127687,-65.2192685
Mr. Travis Yu,47,4617 Sara Cove,South Michaelchester,South Dakota,36573,121.853574,-40.5530835
Jane Nichols,19,984 Nunez Way Suite 315,East Jennifer,Missouri,46541,8.604040,6.718432
Edward Ferguson,66,38337 Robert Isle Suite 284,Kathrynstad,Washington,49308,-55.881231,-39.2482085
Patricia Hall,56,25065 Hannah Port Apt. 777,South William,North Dakota,51181,-114.477336,-81.3491615
Laurie Gonzales,68,014 Dixon Squares,Rachelville,Iowa,28426,101.178773,44.264615
Jeremy Scott,27,6088 Reynolds Village Apt. 147,Micheleton,Oklahoma,70880,-130.617083,61.0798465
Jesse Harris,36,442 David Mews,North Michael,Arkansas,19270,-120.129394,-77.930598
Christine Rush,38,9391 Matthew View Suite 448,Stacyberg,Montana,19648,-37.094689,-39.0533365
Andrew Guerrero,20,651 Ryan Rapid Suite 407,Hayesside,Ohio,78943,-7.966829,-17.3708425
Pamela Ross MD,56,742 Reese Terrace Apt. 817,Lake Nancychester,Kansas,89774,162.426229,-35.488688
Matthew Abbott,76,6782 Cynthia Rue Suite 544,Mirandaside,Idaho,45223,-169.779406,-65.627839
Christopher Reed,67,436 Brandon Row Apt. 114,Blanchardfurt,North Carolina,79823,-39.960322,27.7355805
Jesse Stewart MD,76,7607 Soto Plains,Port Samuelport,Missouri,20236,-89.998211,2.737984
Mr. Justin Cooley,67,1818 Stephanie Cliff,East Stephen,Maine,61473,-102.610074,26.119134
Matthew Tucker,71,03808 Paul Passage Suite 176,Reeseborough,Georgia,51412,-8.294998,-13.325964
Katherine Lang,79,650 Kaitlyn Pass,Peterfort,Michigan,51399,32.671378,14.0641085
Brenda Green,78,2147 Christopher Island,Sweeneyview,Ohio,48774,-104.533973,65.797685
Denise Jackson,54,134 Murray Valley,Flemingland,California,51359,99.306831,-68.8440725
Lynn Pacheco,50,439 Young Ridges,Port Danielstad,Maine,57579,96.410284,-18.354275
Mr. Justin Taylor II,47,06161 Daniel Springs Suite 409,Nielsenville,South Carolina,95714,49.275127,-72.9620485
Barry Watkins,62,40323 Natalie Track Apt. 909,Port Johnathan,Pennsylvania,24601,-103.941727,9.410467
Chad Johnson,29,8317 Guzman Fork,Carrieland,New Jersey,64277,-29.123861,-4.1113385
Teresa Cline MD,66,366 Richard Fords,Port Gregorybury,Oregon,40267,-25.609363,28.498231
Jessica Williamson MD,65,5472 Xavier Summit,Alisonside,Virginia,33644,147.264058,-33.989224
Mr. Kyle Gonzalez,36,7971 Thomas Tunnel,Barbaraburgh,Montana,06622,7.143958,37.621921
Wayne Estes,37,2023 Simpson Street,Lake Benjaminburgh,Nebraska,77448,96.357361,-19.001585
Stephen Fisher,56,210 Gail Pass Suite 035,Elliottland,Nebraska,94767,-68.536773,-82.157658
Mrs. Pamela Watts MD,51,2723 Randall Mount,West Elizabethberg,New York,39404,-163.107762,3.9395735
Elizabeth Davenport DDS,24,477 Smith Crossing,East Gregory,Alabama,64415,133.384408,54.027832
Austin Parrish,23,846 Miller Locks,Millerfurt,Delaware,65188,136.558135,58.2920805
Susan Hubbard,29,76731 John Junctions Suite 450,Cherylfurt,Oklahoma,07799,-84.680623,-84.069023
Michael Ray,80,056 Catherine Row Suite 018,Tristanstad,South Carolina,34853,79.003822,-9.6578535
Philip Webb,64,1967 Kim Dale,Port Erica,West Virginia,86180,-7.233347,78.7454375
Mary Bennett,41,85596 Thompson Drive,East Barbaraberg,Colorado,66091,19.231961,48.936964
Jason Stephens,21,54741 Harvey Meadows,Hodgesport,South Dakota,31118,57.334363,-28.6405835
Debra Schwartz,70,211 Guerra Gardens,Clarkmouth,Nevada,25971,4.013957,72.6636995
Elizabeth Stone,60,36434 Jessica Villages Apt. 650,Alexanderside,Florida,22133,-27.926728,82.269138
Kimberly Flores,18,5894 Michael Pass,Thompsonmouth,Maryland,74070,160.549126,-28.3010565
Sheila Flores,42,20853 Samuel Street,Riveraborough,Wyoming,91016,-64.766171,87.1148465
Barry Jones MD,62,61065 John Path Suite 777,South Jennifertown,South Carolina,72321,41.087328,41.7673715
Adam Jones,21,740 Anderson Villages Suite 530,Smithtown,Nebraska,79846,-56.208525,62.0756305
Brandy James,61,30226 Taylor View,South Shelbyland,South Carolina,05592,71.714860,56.777198
Mr. Adam Chambers MD,56,921 Julie Rapids Suite 274,Moranborough,Florida,50346,17.147067,-19.946334
Jill Pratt,64,6689 Campbell Forest Apt. 705,Port Timothy,New Jersey,46792,-168.036223,-21.2797535
Jennifer Barnes MD,72,42186 Sosa Island Apt. 270,Andersenshire,Vermont,25063,45.159613,-65.3172935
Paula Hanson,38,1126 Ballard Prairie Suite 610,New Stephaniehaven,Utah,57061,117.110903,39.3298775
Adam Jennings,58,964 Tyler Skyway Suite 142,New Kristin,Nebraska,96854,99.005113,60.241756
James Pugh,18,44028 Espinoza Hollow Apt. 849,Tiffanyfurt,Vermont,70223,-174.479860,35.136419
Tina Webster,42,8017 David Groves Suite 660,Sandersland,Iowa,66004,156.113523,6.024462
Courtney Levy,76,1535 Denise Turnpike,Port Theresa,Maine,84919,158.900514,1.1836225
Jessica Wood,75,29400 Farrell Bypass Apt. 468,West Billy,New York,05102,127.099575,-51.584004
Molly Miller,24,62849 Obrien Inlet,South Jeremiah,New Jersey,76257,135.639828,33.764754
William Good,35,18342 Jackson Glens Apt. 342,Lake Dominic,Alabama,01950,-42.432033,-9.4624875
Joseph Davila,50,492 Olivia Canyon,Dawnfurt,Rhode Island,73917,59.905465,41.147456
Paula Brown,58,848 Michael Forest Suite 056,South Jessicaport,Pennsylvania,66272,16.173866,51.3509965
Jason Harmon,68,06102 Berger Ramp Suite 871,North Bradleyshire,Arkansas,71548,-89.847972,-69.7577975
Carlos Dudley,40,12326 Mitchell Shoals,Carterside,Mississippi,58519,-21.312218,80.8911895
Noah Ward,39,3930 Samuel Mission Suite 188,Angelabury,Montana,15869,144.422284,-33.9383805
Gilbert Bennett,38,0869 Rebekah Motorway Suite 551,Port Joannaside,Tennessee,37485,-83.249368,84.437145
Matthew Henderson,71,995 Sarah Unions,North Terrencestad,Illinois,01648,-127.230826,67.0048485
Kathleen Waller,36,579 Reyes Springs,Charlesberg,Connecticut,65692,-105.101829,5.064814
Julie Williams,35,841 Patricia Causeway,South Davidfort,Ohio,00537,67.204217,-70.6868515
Kimberly Hill,60,78449 Mallory Isle Apt. 901,New Shannonstad,Washington,59143,84.151670,-62.590645
Brian Anderson,55,188 Bryan Place Apt. 919,New Jennifershire,Utah,09061,21.039067,-4.8759815
Nicole Rich,61,353 Barnes Flats,East William,West Virginia,11487,-116.509743,-2.869913
Michele Wolf,41,1919 Randy Common,Orrville,Georgia,86136,-39.055189,24.7933485
Kenneth Gallegos,44,183 Mitchell Estates,Josephton,Colorado,66433,-109.354860,-65.5686415
Jason Burton,32,5373 Ricky Mission,New Shannon,Illinois,12487,-118.857555,50.2060355
William Brown,39,86497 Christopher Turnpike,Whiteton,Maryland,29696,-169.537379,89.428787
Rebecca Jones,62,526 Lisa Court,Port Daniel,Maryland,62703,35.429703,63.8527035
Erica Rogers,65,8331 Gardner Course,East Kathleen,Illinois,38875,126.876794,-11.562217
Daniel Bartlett,29,719 Miller Knoll Apt. 845,South Stanleyberg,Illinois,47256,156.839953,-10.112651
Lori Knight,53,42112 Chandler Flats,North Dianemouth,Arizona,65099,-8.822911,34.600562
Cory Haley,23,988 Brown Walk,New Joshua,Mississippi,39268,110.679900,54.435540
Steven Mejia,72,13605 Katherine Manor Suite 361,East Ashley,Colorado,58061,-132.675011,77.0752055
James Smith,74,5967 Travis Neck Suite 410,Clarkhaven,Pennsylvania,06701,-57.751233,-72.190064
Brandon Walsh,32,23072 Franklin Key,Lake John,Louisiana,18667,170.259459,0.8988895
Mary Lewis,67,9609 Saunders Glens Apt. 071,West Matthewfort,New York,91732,108.365034,25.044893
Jacqueline Russell,41,6831 James Villages,New Crystal,Virginia,42656,53.150117,38.8076385
Veronica Davidson,22,099 Samantha Divide Apt. 182,South Tammy,Montana,47439,-138.067101,-69.2457435
Emily Villa,39,3917 Haley Port Apt. 215,New Edward,New Hampshire,77007,119.178854,31.674318
Wesley Blevins,41,302 Emily Roads Suite 804,Kirkview,Alabama,42449,-122.378747,20.454483
Cindy Clay,49,9340 Mike Rue Apt. 689,South Ana,Connecticut,73286,-116.549098,-55.566224
Jessica Mcdowell,40,33065 Jeanette Drives,Kylefurt,Tennessee,18643,-104.187404,-6.4467655
Cheryl Bennett,76,621 Lori Port,Edwardville,South Carolina,39647,0.416394,-38.3278475
Misty Gonzalez,47,68332 Richards Shoals,Jasonmouth,Florida,94253,150.466426,77.387235
Andrea Jacobs,28,50234 Bates Skyway Apt. 219,East Jackmouth,North Carolina,11172,77.351488,-0.8177045
Tammy Owens,34,419 Stephanie Court,Judithtown,West Virginia,89452,63.455697,-20.3447565
Bethany Moran,25,19435 Hunt Roads,Lambton,Utah,72433,-82.118413,-47.169074
Felicia Ramirez,74,90035 Joseph Manor Apt. 754,East Debbie,Hawaii,10320,-136.868165,63.855257
Charles Butler,71,317 Emma Tunnel,Bradland,Tennessee,04266,83.770537,-31.1156185
Annette Pittman,72,420 Spencer Branch Apt. 412,Brettville,Florida,22350,-2.179367,37.873138
Seth Williams,57,711 Michael Walk,Merritttown,Kansas,82032,27.732790,-63.308755
Rachel Lewis,44,55856 Lance Ville Suite 309,New Tylerburgh,Missouri,14181,86.840657,-89.4402215
Denise Hodges,52,7074 Jesse Roads Apt. 917,West Alexashire,Arizona,89182,16.424473,3.5192805
James Hughes,73,8047 Ryan Mills Suite 531,New Dennishaven,Maine,63238,143.150272,-89.432932
Lauren King,46,821 Barton Islands Apt. 825,Lake Elizabethstad,Missouri,80329,-116.608998,79.618541
Carol Dickson,79,62150 Brandon Falls,Kyleside,Kansas,64445,-166.201350,8.7861075
Cindy Carey,24,807 Tiffany Ramp Suite 777,Bondhaven,Hawaii,42018,-65.230689,11.193406
Tiffany Gardner,72,9476 Thomas Dale,Sydneytown,California,11731,140.931749,-47.370172
Patricia Davis,54,47220 Ronald Orchard,Carrieborough,Michigan,15451,73.433242,6.077750
Natasha Molina,73,895 Elizabeth Radial Suite 790,Mooreborough,Rhode Island,28074,71.776285,-53.196973
James Vasquez,21,100 Renee Vista Suite 074,Port Christine,New Jersey,15425,145.857400,7.700160
Michael Rodriguez,37,7623 Jeremy Ports Suite 489,Lake Melanie,Vermont,85113,-26.791051,81.5109225
Jeffrey Miller,38,587 Martin Prairie,North Victoriaside,Alaska,69694,-93.725799,21.192280
Amanda Ballard,73,2774 Maldonado Village,East Donna,North Dakota,70243,176.832733,-83.327382
Mark Smith,28,069 Timothy Mission Suite 778,North Patrick,North Carolina,48630,-135.343962,-80.067208
Nicole Green,62,6290 Lozano Skyway,Evansland,Minnesota,08673,36.145099,-43.7962065
Robert Williamson,39,34067 Gregory Highway,Hancockshire,Virginia,07638,-179.320244,-75.203480
Amanda Hernandez,30,2715 Robert Ports Suite 953,Grahamview,Wyoming,51169,-124.169635,35.936633
Melanie Leblanc,62,359 Jill Union,Tonyaside,Alaska,65393,-19.955471,-73.6928045
Ashley Townsend,78,7981 Shannon Stream,Port Mikaylaton,Maryland,19824,95.335258,79.3472555
Danny Snow,30,645 Zhang Cliff,Elizabethshire,Pennsylvania,43491,-12.090547,55.3196215
Vincent Davis,34,04345 Cindy Throughway Suite 972,Hicksview,North Carolina,73320,-116.321973,-9.223440
Douglas Stuart,25,0118 Case Court Apt. 514,East Matthew,Georgia,72055,152.631801,-85.6960315
Justin Martin,22,5882 Stone Crest,Laurenville,Kansas,01786,-91.116390,26.8290275
Jessica Sanders,48,45816 Laura Summit Apt. 073,North Barbara,Louisiana,08148,49.097923,-61.485324
Sydney Cooper,22,43125 Amy Plains,West Brianabury,North Dakota,81605,-95.364212,-16.289202
Mike Stanley,50,418 Gregory Passage,Mcclainbury,Massachusetts,06871,-120.795869,32.908186
Christina Hunt,48,46478 Danny Highway,West Rodney,Alaska,34122,-112.707858,-63.2512915
Chad Beasley,41,707 Holder Ranch Suite 897,South David,Connecticut,63067,-141.658030,85.2173005
Keith Briggs,73,840 Richard Brooks Apt. 171,Virginiaport,Connecticut,98178,102.598666,19.168576
Sean Koch,43,02777 Mccall Mountains,Hawkinsland,Pennsylvania,62725,28.014353,72.9543035
Amanda Hale,22,93429 Kathleen Locks Suite 749,East Emmaburgh,Virginia,10772,-136.402017,-88.677543
Raymond Ray,60,885 Kerr Plaza Apt. 398,West Bernardview,New Jersey,51807,25.973814,-52.094266
Michael Hawkins PhD,76,305 Davis Hills Apt. 245,Lake Mary,Wyoming,25117,-9.817409,-74.9274025
Alison Gilmore,31,52117 Philip Parkways Suite 334,Williamsland,Maryland,11575,110.373927,86.4881705
Ricky Petty,50,5006 Pamela Forge,Rothfurt,Alaska,80733,47.247334,-45.7385255
Jane Martin,25,04908 Sanchez Forges,New Benjaminfurt,Texas,84108,-22.822713,-48.0821675
Sharon Melton,38,267 Mosley Union Apt. 178,Ericafort,Colorado,91116,43.362075,-65.0143435
Kristin Pearson,41,69551 Richard Mission,Adamsborough,Indiana,39583,-25.150248,-85.426843
Rachael Knight,78,74265 Page Ford Suite 519,Jasonstad,Oregon,15246,126.440478,-79.950765
Savannah Wright DDS,46,0570 Lauren Lodge Suite 958,Clementschester,Georgia,02958,-15.691202,-6.534083
Pam Marshall,45,274 Harper Views Suite 162,North Seanhaven,Kentucky,12767,52.724182,-74.841305
Nancy Palmer,53,704 Russell Parkway Suite 449,Joshuaberg,Pennsylvania,41336,113.150353,53.023594
Joshua Gallagher,24,9227 Melissa Stream,Lake Meaganview,Arkansas,15166,-155.481435,-64.6883905
Richard Cervantes,52,7773 Lewis Crescent Apt. 042,Lake Samuelstad,Ohio,45169,-107.718551,-83.611390
Debra Ward,44,896 Yates Row,Villaview,Louisiana,79634,-16.360354,28.495236
Adam Keller,64,3288 Theresa Mountain,Crystalside,Wyoming,08547,-51.791589,-62.1223465
Cole Griffith,67,5670 Lisa Brook Suite 004,Sheilabury,New Mexico,03089,-163.702852,-74.8674375
Elizabeth Hubbard,65,14913 Denise Unions,Port Joshua,Massachusetts,38690,51.261787,-34.9974265
Dennis Lewis,28,62665 Derek Field,South Seanfurt,Rhode Island,87803,-87.168741,-63.074213
Robert Duarte,24,125 Robertson Plaza Apt. 252,South Emilymouth,North Dakota,41678,-11.870474,76.823010
Christopher Howard,64,9494 Alicia Loaf,Kylefurt,Utah,23053,-109.691555,7.786262
Jason Bond,41,7410 Jacqueline Skyway Suite 599,South Jamesburgh,New York,72737,139.994109,-43.7560305
Kyle Fields,41,12548 Cole Lake Suite 900,East Joseph,Nebraska,02613,116.262527,-66.4709405
Juan Davies,42,28066 Griffin Trafficway,Moorechester,Mississippi,55196,106.181698,-63.146156
Allison Davis,20,77468 Martinez Underpass Suite 600,Scottville,Illinois,08210,-179.067158,56.272699
Todd Davis,50,33531 Brittany Via,Richardmouth,Arizona,36437,88.381000,33.063627
Kyle Nguyen,34,1179 George Mill,Garymouth,Illinois,89296,-92.676540,82.4921655
Stanley Morales,61,75294 Melanie Locks,Taylormouth,Kansas,80544,31.597044,-81.3055565
John Burton,20,3714 Weber Creek Suite 518,Karenland,West Virginia,92648,100.702754,-36.974323
Gabriel Hernandez,62,1951 Jamie Villages,South Joseph,New Jersey,25082,-42.972474,78.1487885
Cassandra Harrington,58,843 Porter Port,Kingville,New Hampshire,11899,33.542885,80.4055875
Angela Cisneros,40,218 Carter Curve Suite 526,Lake Heather,Oregon,67127,30.903572,71.6396015
Roy Park,40,81941 Katie Landing Suite 768,Thomastown,Missouri,19882,98.768834,49.208867
Darren Wilson,50,3183 Pacheco Parkway,Brendaton,Texas,80527,-114.284774,-47.6617005
Victoria Johnson,44,557 Parker Neck,North Tara,Colorado,15568,-70.649402,6.068739
Nicholas Wilson,76,0568 Candace Spur Apt. 856,Micheleton,Vermont,89681,15.918255,77.796676
Wendy Petty,56,773 Jones Port,Ramosmouth,Virginia,57295,131.015261,-33.438676
Jeffrey Wood,60,206 Samuel Meadows Apt. 550,West Andrea,Ohio,63462,48.816772,88.268708
Chad Vega,40,0515 Robertson Ports,North Erin,Wyoming,97672,-166.405512,-36.6917645
Matthew Brown,68,44072 Daniel Wells,North Lindsay,Vermont,75853,24.814866,-27.970089
Angela Brown,50,356 Payne Plaza Suite 383,Jacobsfort,Pennsylvania,45216,-161.056392,-69.3606085
Patricia Snyder,30,78293 Mark Hills Apt. 234,Oliverstad,Utah,46171,-75.418028,17.272238
Stephen Charles,35,1280 Kirsten Island,Christinatown,Mississippi,50140,119.865042,26.9258595
Virginia Sellers,45,525 Cruz Stream,New Jennifer,Georgia,50620,-52.370268,-61.109047
Alexis Burton,44,4023 Shawn Valleys,East Brianport,Oklahoma,55034,-177.554807,56.0055535
Joel Bright,74,5530 Stephanie Mission,Ariasmouth,Washington,04087,22.660076,-0.6359285
Amy Cox,72,319 Lowery Pass,South Brian,Arkansas,10008,-82.593305,85.974244
Christopher Roberts,31,98448 Donna Pike,East Edward,Michigan,65358,-82.949660,-35.4745425
Gloria Brewer,30,5848 Brown Oval,East Brian,Illinois,12062,53.973914,84.748277
Jennifer Robinson,32,11874 Johnston Motorway Suite 077,Williamsonview,Idaho,34158,39.576920,75.777911
Keith Scott,55,65837 Aaron Stream,Hollyport,Nebraska,16651,-147.000125,85.807488
Daniel Smith,25,7215 Wilkins Ford Apt. 159,Port Christopher,Iowa,14279,-127.411459,69.9026225
Christopher Zhang,42,781 Fleming Motorway Apt. 818,Andersonmouth,Maryland,06848,7.214098,23.1655095
Elizabeth Rosales,48,6846 Kimberly Grove,East Andrewburgh,Hawaii,57474,128.359317,-65.161887
Amanda Palmer,44,1246 Alexis Roads,Davisstad,Oregon,64003,99.746188,82.3362375
George Thompson,38,4660 Robert Fields Apt. 026,Jonesside,Arkansas,94919,104.603869,-75.1841655
Adam Foster,33,47043 Harris Pine,Travisland,Utah,65340,-157.249038,61.5501725
Lori Perez,71,437 Kathleen Shoal,South Laura,South Dakota,10040,148.699507,27.1248405
Emily Evans,58,12923 Charles Park,Markmouth,New York,76858,-47.383092,6.902750
Joshua Wilson,63,26130 Erin Forge,Macktown,Arkansas,66308,-172.617080,46.141985
Christina Baker,28,0667 Pamela Port Suite 614,Singletonland,Nevada,73213,27.056433,-49.981547
Aaron Smith,58,74605 Amber Viaduct Suite 459,East Nicholas,Maryland,46476,-118.657222,-59.8135245
Jesse Flores,41,7720 Mary Cove Suite 789,Jacquelineville,Nebraska,75621,91.629759,27.170508
Kelly Cohen,36,3020 William Rest Apt. 242,Kristenberg,Colorado,38380,142.316925,-35.396169
Christina Harris,30,888 Erika Heights,West Dawnfort,Florida,87010,-165.831865,-25.5275865
Roberto Brennan,56,065 Catherine Manors,Justinchester,Massachusetts,04429,-174.036559,-40.9194565
Angela Jackson,24,5519 Watkins Plaza,West Kathryn,California,58791,150.781297,36.6517585
James Tran,55,84555 Martin Wells Apt. 820,Steventown,Maryland,06214,-0.697791,33.965087
Christopher White,65,2580 Villarreal Divide,Port Jenniferstad,North Carolina,43575,100.651821,74.289488
Carl Lee,41,60635 Derrick Overpass Apt. 895,New Eugenehaven,Wyoming,74928,26.309936,88.2073185
Lindsey Todd,42,38991 Gonzales Mountains,New Jasminehaven,Pennsylvania,67973,-110.533323,2.6119435
Cathy Bird,19,5475 Reyes Rapids Apt. 834,West Claytonbury,Wyoming,45843,-115.973248,48.729803
David Wang,77,260 Michael Underpass Apt. 643,Lake Tinafort,Ohio,36183,-119.233381,-6.690052
Phyllis Cantu,36,42445 Cunningham Light,New Bradside,Iowa,99940,-54.502141,-88.0297615
Timothy Perry,69,686 Tracey Route Suite 310,North Jasonshire,Tennessee,45182,68.787255,70.795669
Tiffany Baker,20,36429 Moore Viaduct Apt. 525,West Stephaniechester,North Dakota,16157,67.086153,12.832893
Cynthia Decker,70,2177 Tran Villages Apt. 556,Port Bryan,North Carolina,84314,49.177690,-41.5634975
Jessica Sanders,41,5705 Terri Shores Suite 049,North Alexis,Florida,34895,34.304128,74.5710495
John Carlson,41,226 Kathryn Extension,Lloydbury,Massachusetts,41850,-53.970240,65.954262
Shelly Craig,72,64231 Hood Ferry,Lake Austinberg,Vermont,66367,30.992728,-7.1757435
Michael Rojas,65,2624 Frost Points Apt. 073,Annfurt,Virginia,34645,-99.708204,-68.9656365
Cody Davis,25,764 Torres Hills,East Charlene,Missouri,49871,-135.141311,-55.5069545
Ariel Herrera,72,326 Jackson Terrace Apt. 820,West Benjaminmouth,Nebraska,64872,-64.419567,34.0899565
Jacob Riley,52,750 Matthew Estates Apt. 352,North Andrea,Indiana,12662,-63.586184,89.8447795
Lori Olson,20,2683 Smith Track,West Jonathanfort,Maryland,61399,121.540563,57.0805425
Matthew Meyer,54,307 Krista Bypass Apt. 779,North Shawnside,Vermont,78522,-27.520087,70.848004
Makayla Lucero,28,0058 Steven Loop Suite 686,Saraport,Missouri,07170,-41.484531,87.697756
Benjamin Sutton,67,17317 Christopher Dale Apt. 287,Bridgesside,Pennsylvania,21564,-150.498299,-20.1525235
Lauren Vargas,58,5762 Ingram Islands,East Christina,Vermont,03352,9.760579,-57.7557075
Gregory Adams,34,66413 Christopher Via Apt. 827,Port Felicia,Arizona,38237,161.682694,61.467416
Larry Lewis,28,92886 Lynn Glen Apt. 903,South Hollyside,Mississippi,22515,-131.485464,14.056370
Nancy Lewis,32,2817 Hernandez Highway Apt. 052,Port Cynthia,Arizona,82536,15.872407,81.6474725
Amy Doyle,79,31291 Fuentes Garden,South Bradfurt,Arkansas,69894,89.696435,73.1225915
Philip Webb,43,40900 John View Apt. 121,Montoyaport,West Virginia,84315,25.214750,58.7051745
Jasmine Sanders,78,4252 Welch Brook,New Lindaland,Kentucky,37094,-43.698919,5.3806715
Larry Brown,62,2706 Holloway Plains Apt. 031,South Michellechester,Arizona,88863,-25.638466,25.5072925
Erica Orr,27,724 William Ridge,North Tammy,Florida,89069,-165.300239,55.9998075
Joyce Walker,41,07595 Joshua Plaza,South Kyleland,Mississippi,68100,59.962023,21.087964
Randall Nielsen,61,230 Burgess Mountain Apt. 805,East Brian,Indiana,45777,43.350453,43.3881305
Thomas James,68,3935 Nelson Prairie Apt. 047,Vargasland,Alabama,65379,93.683354,-16.582705
Kathryn Randolph,52,6137 Sherry Circle,New Maryberg,Louisiana,78098,-37.019250,72.1428225
Brandon Mccarty,68,2084 Wolfe Park Suite 610,South Marie,Mississippi,89132,62.359768,-30.090494
Kayla Fleming,43,44609 Grant Island Suite 054,Butlerchester,Montana,61401,-41.564950,-40.1385655
Donald Castro,74,9539 Bryan Neck Suite 400,West Amybury,South Dakota,74197,-9.746929,-49.236430
Carol Simpson,36,446 Rowe Loop Apt. 847,East Debraburgh,New Hampshire,75138,-24.931410,53.693611
Deborah Mcfarland,60,72013 Flowers Creek Apt. 776,Kathleenfurt,Iowa,96651,94.640070,27.909379
Emma Fuller,34,56862 Gilbert Track Apt. 582,Port Rhonda,New Hampshire,76547,61.578827,-11.2930755
Monica Johnson,23,71638 Brooks Corners Suite 158,Parsonsland,Alaska,17856,124.691795,-2.072995
Christopher Boyd,75,366 Annette Estate,Williamview,South Carolina,81721,-144.541586,22.550842
Faith Wilson,77,359 Tammy River Suite 129,Robertport,Massachusetts,53479,162.516323,-88.501268
Kristen Gilbert,40,659 Elizabeth Landing Apt. 378,New Markhaven,Nevada,90928,95.456529,-65.219084
Christina Martinez,39,2061 Cameron Trafficway Apt. 094,Oliverfort,Connecticut,91246,-76.180876,62.5010295
Richard Jordan,51,6283 Wong Flat Apt. 538,Douglasmouth,New Jersey,40989,69.684104,-22.4934145
Lisa Clark,72,2070 Rachel Plains,Andrewville,New Jersey,80973,-108.609510,-17.312399
Anna Clay,42,10648 Deborah Cape,North Angela,Pennsylvania,46859,124.289305,-9.719648
Robert Smith,18,99588 Jordan Knolls Suite 481,Moodyville,Illinois,55111,-53.110227,73.623758
David Young,27,789 Mcfarland Drive,Evanhaven,Oregon,46487,129.855734,-23.1719875
Lawrence Pugh,68,514 Moran Landing Apt. 995,New Brianborough,Maine,74790,133.609963,48.213761
Stacey Graham,39,5195 Patricia Village Apt. 246,New Alicia,Massachusetts,80849,69.764600,-34.867201
Brenda Chan MD,28,1807 Tate Alley Suite 312,Ericburgh,Oregon,57377,-5.460790,-80.9703615
Kathleen Hobbs,64,270 Barker Viaduct,Lauraside,Vermont,85069,96.009599,18.810607
Dr. Gabrielle Spencer,71,6596 Karen Lock,Johnsonstad,Missouri,37123,86.041225,81.359790
Timothy Newman,75,1408 Sawyer Glen,Lake Thomasburgh,Wyoming,83282,81.109795,2.922448
Robert Smith,55,7925 Hernandez Centers Suite 011,Lake Cynthiafurt,New Hampshire,08297,-112.853526,33.9670165
Barbara Carroll,34,940 Patrick Forges,South Jamesbury,Missouri,57078,-49.185984,-35.912315
Jeffery Cordova,67,653 Dixon Manor Apt. 643,North Wandaborough,West Virginia,42323,20.393370,-21.717917
Betty Henson,80,1974 Tammy Locks Apt. 792,Longfurt,Virginia,25891,-78.557229,69.489421
Courtney Gallagher,53,41902 Suarez Roads,East Ricardo,Indiana,78171,-87.702096,62.9941965
Steven White,45,764 Judith Passage,Lake Julia,Missouri,65504,-86.504751,-84.3118775
Joshua Mckee,41,90686 Matthew Greens,North Morgan,Louisiana,21440,-134.384290,-62.451349
Alan Gonzalez,54,8719 Sherry Square Apt. 886,Angelaton,West Virginia,74730,177.994725,-18.918640
Roy Stewart,35,12849 Aaron Turnpike,Vanessaview,Nebraska,33776,-147.362711,18.730840
April Floyd,49,24650 Newton Burg,Jenniferside,Michigan,80369,-86.681256,55.0058315
Stacey Gibbs,24,9103 Michael Court,West Kimberly,Georgia,35402,-51.987533,-35.967346
Matthew Wilson,21,657 Joseph Vista,Davidborough,Hawaii,68691,179.973570,38.172435
Richard Brock,26,2908 William Rest Suite 984,Jamesberg,Maine,66258,-0.043336,-55.206952
John Love,33,5379 Sarah Junction Apt. 347,East Dennismouth,Washington,53107,-135.046815,72.1141015
Marilyn Jensen,53,28733 Jason Brooks Apt. 332,New Adam,South Dakota,81543,-172.975339,62.3232425
Wayne Cobb,70,64231 Zachary Orchard Suite 579,Ronaldhaven,Delaware,64882,-106.979024,61.108324
Timothy Leach,49,0589 Angela Mills Apt. 073,North Meganmouth,Massachusetts,22670,-63.249123,62.996048
Bonnie Hayden,44,019 Matthew Skyway Apt. 629,Robertberg,New Mexico,06821,-51.285629,35.5272165
Elizabeth Waller,65,82402 Carla Groves,East Jeffrey,Oklahoma,61584,0.777192,9.950713
Todd Campbell,61,616 Thomas Ford,Phillipschester,Ohio,55924,-172.310314,-73.979889
Caitlin Little,62,617 Becker Streets,Alexanderchester,Pennsylvania,11454,-24.964185,6.824635
Carol Hensley,60,0829 Adam Divide,East Collin,Utah,31809,162.969154,10.166583
Thomas Mitchell,44,424 Sutton Mission,Jessicahaven,Oregon,41150,-93.089203,-20.300644
Veronica Anderson,31,71496 Andrea Fork,South Deanna,Arkansas,92046,164.342021,64.743145
Tyler Kennedy,37,468 Fields Overpass Suite 230,Allenside,Arkansas,63553,-72.943073,19.5513115
Jennifer Davis,66,7882 Anthony Station,Kathyport,Colorado,68672,148.929452,77.651907
Angela Reid,45,250 Matthew Lodge Suite 260,Wrightberg,Alaska,25154,-131.741690,80.247683
Diana Lee,71,266 Hampton Inlet,South Cheryl,New Hampshire,11644,-82.504873,71.1673905
Susan Yu,62,934 Carter Village Suite 914,East Ericaport,Maryland,52730,163.729176,65.552678
Brian Campbell Jr.,23,95235 Duran Coves,South Michael,Alaska,95292,-68.653434,-55.8579295
Joseph Drake,67,204 Silva Lodge Apt. 231,New Rachel,New Hampshire,88082,62.795319,-38.934804
Brandon May,30,45570 Williams Stream,Port Kaitlynview,Alaska,62366,39.979283,-62.2991465
Robert Nelson,20,114 Rick Bypass Suite 682,Kristinachester,Alabama,24524,-140.016619,51.7140235
Terry Sullivan,18,369 Mcmillan Motorway Apt. 249,East Erikabury,Rhode Island,86182,-139.031601,86.6258565
Dylan Owens,67,512 Jacobson Turnpike Apt. 962,Edwardtown,Connecticut,00832,-42.731466,-13.9596295
Stephanie Allison,40,4967 Andrea Hills Apt. 458,South Christinaport,Virginia,02660,-179.204047,30.7654635
Michelle Wood,58,46140 Hutchinson Inlet,West Danielle,Colorado,30145,-130.801666,69.945731
Samantha Waters,37,86285 Brown Radial,New Peter,Maryland,50980,169.507562,33.9983945
Gregory Thompson,28,27940 Jason Plains Apt. 308,New Randyfurt,Alaska,11198,172.213425,67.283983
Sara Hanson,72,200 Nicholson Turnpike,New Raymondmouth,Ohio,05794,-145.397873,-76.2539025
Michele Banks,65,7039 Darren Plain Apt. 291,New Ethanside,Iowa,72510,173.733647,53.919922
Courtney Frank,32,8266 Klein Ferry Suite 353,New Andreatown,North Carolina,13061,-125.735381,-0.841830
Wendy Jacobs,67,7970 Patricia Rapid Apt. 943,New Austin,Delaware,66486,82.703746,20.132736
Brenda Williams,41,8084 Peter Motorway Apt. 642,Port Janetville,Minnesota,92942,-114.358709,-22.8413305
James Mills,66,8589 Bruce Extension Apt. 817,Michaelland,Mississippi,47202,41.660619,38.620451
Joel Burton,62,82984 Elizabeth Ports,East Michelleland,Pennsylvania,22714,168.050251,-17.370710
James Maldonado,39,3130 Katie Club Apt. 382,Shelleymouth,Hawaii,70369,-163.277437,-76.249281
Jessica Garcia,37,963 Mitchell Fork Suite 635,North Garyville,Washington,78261,14.388132,-88.7112125
Amanda Church,34,4912 Zachary Lock Suite 007,Gregland,Michigan,93580,173.227708,35.2674745
Jeffery Rollins,77,385 Johnny Squares,West Meaganhaven,Wisconsin,25023,9.123737,14.2615055
Justin Lewis,47,623 Scott Forks Apt. 398,Merrittville,Louisiana,60905,140.221169,60.116793
Kathleen Boone,23,277 Lisa Crescent Suite 283,Justinland,Connecticut,54349,-140.609979,15.1658995
Jessica Lee,68,079 Sarah Street Suite 717,West Christina,Delaware,78432,92.627003,-12.3174975
Howard Mcdaniel,36,59337 Charles Via,Barryport,South Carolina,90955,79.105148,15.064195
Ryan Chavez,22,2521 Janice Prairie,Priscillafurt,West Virginia,82368,-176.323675,17.4917235
Danielle Lee,52,714 Kaiser Pine Suite 038,Sarahbury,Wyoming,40751,159.945537,52.724518
Brittany Stanley,37,287 Moody Prairie Suite 379,North Stephanieshire,Georgia,35833,132.704766,-76.7273175
Kyle Wade,47,502 Michelle Prairie,Williamsburgh,Maine,47745,-55.728027,-18.4810665
James Quinn,64,1480 Larry Dam Suite 491,Port Michael,Maine,84708,-134.857157,-81.2804535
Kari Barnes,50,589 Heidi Hill Apt. 880,North Sharonfort,Maryland,25644,-26.709838,4.8346145
Nina Mccarthy,53,5165 Powers Motorway,North Royville,Rhode Island,19098,40.825738,-86.9762915
Jill Ingram,43,6876 Tiffany Rapid Suite 657,New Eric,Oklahoma,27140,101.761037,4.524424
Christina King,80,9734 Rodriguez Course Apt. 575,Millerstad,Massachusetts,86894,-78.099935,48.268956
Robert Bennett,21,117 Garza Trace Apt. 170,South Amyport,New Mexico,36257,145.854113,-7.231638
Christian Valentine,78,447 Parsons Drive Suite 614,East Anthonytown,Massachusetts,51963,49.305927,86.926104
Vincent Lee,56,72112 Flores Underpass,Lake Cameron,Washington,05793,76.854451,21.495971
Thomas Guerra,66,193 Stephens Crescent Suite 456,Lake Rachel,Pennsylvania,91852,-83.803022,65.4954035
Jasmine Ashley,44,3103 Matthew Terrace Apt. 183,Crawfordton,Tennessee,91245,12.957127,68.2436095
George Martin,36,45841 Hunter Ferry Suite 224,New Jennifer,Virginia,68074,-38.003145,-34.263169
Shaun Ware,45,8144 Gibson Forest Apt. 267,New John,Wisconsin,50576,-73.223452,29.8145415
Rachel Moss,30,03173 Horn Parks,Collinsborough,Idaho,39216,122.908570,-28.937535
Donald Casey,70,52053 Vanessa Mountains,Jessicaland,Illinois,79970,17.294704,-34.3390335
Courtney Thomas,77,73892 Newton Junction Suite 648,New Theresa,Kansas,22695,-12.946518,-49.402562
Travis Figueroa,45,178 Lyons Walk Apt. 573,Alexandertown,West Virginia,82783,-79.864152,55.156575
Pamela Werner,46,74914 Hood Drives,Valenzuelaport,Hawaii,76562,10.658050,20.8270155
Brenda Wilson,36,82313 Miller Lakes Suite 495,Gabrielamouth,West Virginia,22522,139.092774,-52.464167
Amy Diaz,26,25475 Campbell Terrace,Melendezside,West Virginia,00633,-169.058777,-5.763912
Mrs. Kimberly Baker,27,66954 Burns Avenue Apt. 314,South Brittany,Kentucky,04108,102.436058,83.5376885
Derek Shaw,69,3977 Hale Ports Suite 143,Lake Robin,Oklahoma,24109,-16.883338,-39.389730
Adam Stewart,56,3138 Turner Station Apt. 854,Laraside,Nevada,32480,156.427769,69.5493285
Sara Curry,76,532 Richard Flat Apt. 017,New Brendaside,Kentucky,81829,-82.055762,23.5552305
Daniel Wang,48,0228 Caldwell Ridges,North Tina,Virginia,07929,3.701172,-2.9552025
Keith Nguyen,73,2675 Gibbs Circle Suite 350,Davidborough,Idaho,84133,-104.112793,3.924284
Kathryn Waters,23,338 Dennis Radial Suite 996,Lake Jason,Tennessee,96147,74.490758,-26.9383115
Terrance Brown,27,2449 Rebecca Trafficway Suite 612,New Ryanborough,Ohio,17380,-11.937264,-45.7306485
Keith Arnold,50,002 Burgess Islands Apt. 913,Lake Karenton,Pennsylvania,41381,-35.602625,-17.675978
Stephen Hunter,56,947 David Trace,Lake Williambury,North Dakota,18754,-76.518587,15.8484535
Amanda Anderson,73,988 Austin Harbor Suite 737,Lake Connieville,Kansas,74389,-16.875194,25.859586
Ronnie Ray,45,696 Anthony Rue,East Katie,Utah,09279,-110.171968,7.848738
Samantha Hudson,35,66514 Martin Mission,Fryburgh,New York,39142,-58.910156,81.405178
John Martinez,48,6508 Alexander Run Apt. 301,Port Richardchester,Alaska,90071,94.339408,-16.6192055
Joseph Stafford,44,99903 Moore Pass,Mccoyshire,Idaho,00878,-52.911353,-24.674976
Dylan Sullivan,60,27211 Peters Mall Apt. 600,Thomasstad,Maine,92830,103.386342,-31.2204205
Kenneth Taylor,24,46983 Galvan Path,New Sara,Virginia,61829,14.857158,-41.8701485
Maria Powell,30,7263 Smith Harbors Suite 091,West Brycemouth,Vermont,83322,-75.718926,48.067120
Lynn Rice,62,621 Gutierrez Rest,Murphyfurt,Rhode Island,78157,36.989884,-2.4614785
Robert Miller,74,10962 David Rapids,West Dawnland,Washington,87055,-81.639514,-35.9645455
Melanie Lucas,28,92641 Shepard Rest,Schneiderhaven,Indiana,48396,5.475813,-89.517250
Joseph Cook,72,55157 Stacy View,South Daniel,South Dakota,54710,175.267015,52.6399825
Steven Williams,25,6635 Whitaker Prairie Apt. 109,Dennisside,Mississippi,90615,179.361677,25.0366045
Trevor Dennis,80,891 Parker Trail Suite 280,Suttonland,Pennsylvania,08783,-8.310084,41.131716
Elizabeth Aguilar,67,042 Stacey Crossing Apt. 723,Theresamouth,Maine,08510,-101.075715,-34.0224935
Barry Johnson,67,651 Keith Pass,South Bryanbury,Florida,17868,104.136677,-33.6433495
Joseph Kelly,70,915 Kelly Spring,South Jennifer,Tennessee,41566,-92.296068,-19.1155195
Stephanie Banks,18,61688 Matthews Lane,Wintersfurt,Colorado,65487,25.745904,7.746375
Douglas Williamson,19,550 Wolfe Village Apt. 138,Johnsonhaven,Missouri,41928,89.869349,53.984690
Christina Curry,69,17042 Catherine Bridge Apt. 148,Townsendberg,Wisconsin,86602,6.585200,-32.117146
Joshua Brooks,48,2350 Michael Square,Mitchellhaven,Wyoming,79424,72.011647,14.7240475
Scott Joseph,41,2127 Jeremy Gateway,North Angelachester,Iowa,03487,178.769174,-37.7279705
Lisa Jackson,68,9324 Rachel Canyon,Ayalaland,Oklahoma,31562,-155.159343,-7.8339745
Dylan Townsend,80,3246 Lawrence Lakes,Lake Christopherhaven,Virginia,11382,161.619793,87.824372
Shane Guerra,47,80753 Anthony Junctions,Johnside,Colorado,40299,95.362397,-16.713347
Kristen Lee,68,58606 Martin Field Suite 063,Colemanshire,Missouri,86640,52.315562,-82.4136595
James Baker,22,5235 Jacqueline Roads,Phillipland,Delaware,82246,-45.799084,39.018014
Dylan Carter,52,43866 Angel Trafficway,Williamsburgh,Oregon,15799,-24.468432,15.083089
Travis Black,46,37229 Cory Prairie Suite 684,Lake Jeffrey,New Hampshire,88885,-72.072812,87.455457
Andrew Lawson,38,638 Daniel Glen,North Katrina,Michigan,34956,-114.204866,59.375319
Anthony Johnson,41,11517 Ashley Wall Apt. 642,Mckenzieborough,Maryland,51413,157.853759,60.411535
Lori Gordon,71,35997 Douglas Mountains Suite 766,South Brittanyberg,Arkansas,53774,18.582619,8.2615985
Briana Vaughn,68,273 Lee Motorway Apt. 877,East Amberville,Oklahoma,82074,-131.273055,17.849659
Karen Holmes,58,8917 John Estate Apt. 588,North Michelle,Texas,91474,-125.735945,-66.503798
Amanda Lane,69,65357 Rivera Greens Suite 857,Robertchester,Texas,17953,-153.667715,68.0509555
Andrew Hernandez,63,13855 Edwards Skyway,Richardsonville,New Mexico,78043,-159.456126,-1.735234
Christina Bray,52,23571 Morales Plain Suite 860,East Margaret,Colorado,64480,-58.977545,44.268576
Jo Johnson PhD,54,6700 Matthew Flat Apt. 720,New Timothy,Tennessee,51088,-22.754678,74.7789885
John Padilla,45,30798 Daniel Squares Apt. 902,Lake Tonymouth,Minnesota,05678,0.650740,33.025701
Jacob Morris,65,6041 James Fort,East Raymondstad,Michigan,71243,46.364871,-14.5684135
Jordan Richard,63,3944 Karen Extension Apt. 873,New Kevin,Maine,61050,73.115239,-86.5781955
Philip Davies,58,7389 Michelle Coves Apt. 670,Keithtown,Oklahoma,97670,25.590194,-55.9179515
Mia Vasquez,22,5541 Clark Well Suite 574,East Patricia,Indiana,87477,-0.505155,-66.3323045
Jonathan Brown,24,3011 April Drives Apt. 942,Garyberg,Vermont,64539,171.223727,-78.2839935
Megan Wright,67,6056 Victoria Garden,Teresaborough,California,89786,-18.678105,47.500571
Anthony Hughes,58,4099 Johnson Gardens Suite 826,New Melissa,Montana,75369,-65.827251,-44.5251135
Joseph Miller,19,198 Jacobs Pike Apt. 307,Holmesburgh,Nebraska,77336,4.527787,26.3635235
Susan Sutton,31,405 Johnson Extension Apt. 076,North Katherine,Utah,04595,29.990729,77.221183
Shannon Smith,22,942 Green Divide,West Caitlin,Ohio,65593,-61.801176,-74.686742
Anna Gibson,46,67469 Adams Spur Apt. 117,New Victoriastad,Massachusetts,32171,-176.887473,16.804005
Brenda Jackson,78,450 Benjamin Junctions Suite 940,Travismouth,Indiana,42090,127.792194,88.2789865
Misty Strickland,33,964 Evan Mission,East Jorgetown,Wisconsin,16345,-144.241163,57.4832175
Sarah Jones,37,791 Chan Avenue,Michellechester,Virginia,56302,2.620280,-89.859613
Matthew Payne,69,093 Miller Parkways,South Brent,Connecticut,10838,120.343879,31.6569315
Brandon Castillo,67,5974 Green Divide Suite 381,East Jillburgh,Arkansas,48584,109.202384,-42.333923
Charles Hunt,38,4377 Espinoza Fields,Port Cynthiachester,Arizona,79891,-120.122215,-32.939685
Barry Smith,77,70628 Stein Lights,Perkinsview,North Carolina,40827,24.698372,-52.0423625
Gregory Robles,21,7267 Moody Neck Apt. 403,Lake Aliciamouth,Rhode Island,17043,-140.629166,-87.864720
Robert Peters,45,8108 Elizabeth Coves,Debrafurt,West Virginia,91355,-4.282314,-38.2786445
Sean Kline,31,0475 Stuart Ridges,West Shanefurt,Michigan,77423,129.603810,-43.7782155
Eric Davis,33,1834 Jeffrey Pass Suite 130,East Margaret,Maryland,35077,170.944492,-85.9026255
Janice Delgado,68,35745 Jason Brooks Suite 271,Blackton,Florida,96644,68.808692,27.2321245
Seth Fleming,28,2430 Ingram Gateway Apt. 222,West Jasmine,New York,25173,-86.447913,42.5766455
Dr. Kyle Nichols,22,562 Jensen Glens Apt. 312,North Jennifer,Vermont,90760,145.388436,-71.3378775
Daniel Moore,27,407 Lane Station Apt. 263,North Nicholas,Delaware,06288,158.404690,40.126101
Nancy Carson,37,22170 Richard Corner,North Josefort,California,03073,99.713004,18.8550255
Theresa Flores,55,11900 Hall Underpass Suite 996,Jamesland,Utah,31693,58.080762,-19.5081755
Stephanie Jefferson,31,28581 Jeffrey Lock,Millerport,Iowa,99306,5.090723,28.1173745
Christopher Martinez,52,4990 Michelle Lakes Suite 213,Lake Xavier,Wyoming,38947,-147.123552,-2.511726
Ann Strong,79,215 Adam Light,Robertstad,Illinois,14517,38.727749,-54.0268235
Diana Lee,54,798 Michael Hills Suite 134,Sheilaville,New York,33595,71.552850,21.239682
Jesse Jimenez,72,95711 Donald Pass,Lake Mark,Utah,40024,166.457687,-62.4674335
Steven Ponce,64,6474 Hernandez Crescent Apt. 967,Cynthiahaven,Wyoming,95444,-133.240273,-14.756343
Steven Gonzalez,79,21787 Schneider Plaza Suite 111,Jeremychester,Indiana,57659,-143.568815,36.8952115
Paige Santos,58,78397 David Ranch Suite 197,South Donnachester,Vermont,07729,65.160412,34.7339975
Ronald Valencia,50,01849 Ashley Square,Donnabury,Ohio,77465,-81.195217,59.058636
Matthew Rivas,30,3251 Kaitlin Ramp,Wagnerstad,Kansas,45910,-5.823551,-61.2737765
Sandra Beard,52,91973 Peterson Freeway Apt. 405,Sotomouth,Virginia,63247,116.605688,5.3517815
Joshua Rivera,40,5533 Jodi Mission Apt. 807,Campbellstad,Utah,68306,72.725622,-52.554613
Mrs. Mary Bray,67,14330 Peters Mall,Millershire,New Jersey,05411,-24.793904,30.412208
Shawn Brooks,62,555 Clifford Squares,Parksview,Alabama,59327,54.118367,34.1067015
Lauren Williams,35,8458 Patel Underpass Suite 607,Kellieside,Arkansas,33287,37.427802,64.0723475
Amanda Lewis,71,433 Diaz Bypass Apt. 287,Lake Kyle,Connecticut,11412,5.574119,-44.114699
Diane Hall,27,56129 Gregory Falls Apt. 098,South Stacytown,North Carolina,24593,-146.107830,-84.501729
Evelyn Mcdonald,23,780 Lucas Wells Apt. 621,Colleenton,Wyoming,50175,-93.244462,-38.972358
Beth Smith,42,6585 Hill Terrace Suite 366,Hodgeland,Pennsylvania,76143,133.499568,-74.148724
Frank Woods,74,178 Christopher Dale Suite 896,Schwartzfort,Massachusetts,21315,176.052032,83.481774
Ruth Mitchell,40,66992 Joshua Street,Larachester,Maryland,05158,-152.672495,-50.771474
Tonya Mcgrath,25,8178 Jennifer Turnpike Suite 068,Jasminefort,Maryland,61787,160.140385,80.0088415
William White,60,861 Mary Mission Suite 383,North Chris,California,19435,87.059512,57.656434
Julian Joseph,44,125 Lisa Viaduct,Davisberg,Idaho,32360,165.144168,88.475342
Connie Andrews,58,30261 Hernandez Keys Suite 065,East Joseph,Delaware,98705,-135.002651,-65.3653825
George Robinson,61,8917 Sutton View Apt. 513,East Jeffrey,Nebraska,29427,-114.479349,15.593616
Patricia Barnes,34,388 Greene Light Apt. 450,Colleenmouth,New Hampshire,20298,161.985575,48.5791895
Jacqueline Bean,65,567 Walters Lodge Apt. 195,Port Joshua,Nebraska,53433,33.801540,31.8881765
Vanessa Rodriguez,55,739 Cameron Cliff Apt. 754,North Kevin,Montana,32351,146.420777,-8.3060805
Joseph Richardson,41,1863 Rose Isle,Tammytown,Tennessee,46960,-12.292105,-65.675914
Jack Wright,61,3120 Krystal Center Apt. 071,West Nicholasburgh,Pennsylvania,16672,120.048239,18.453830
Brent Taylor,55,2242 Williams Garden Apt. 840,South Davidberg,New York,38706,31.554285,89.676355
Gary Franklin,70,04641 Rosales Forks,Malikmouth,Hawaii,03117,-175.685660,-46.9252815
Theodore Powers,27,92618 Paula Mission Suite 985,Englishburgh,Delaware,48036,-30.068135,62.4759275
Madison Farmer,41,5752 Carey Shores,South Richard,Michigan,69074,0.077461,52.0181565
Scott Page,36,224 Thompson Valleys,Brewerfurt,California,02084,-33.459526,26.6260975
James Macdonald,80,050 Scott Trail,Bushstad,Utah,80088,63.062733,-48.966561
Haley Gallegos,57,392 Smith Stream,Christopherhaven,Ohio,09179,22.346968,-2.610447
April Sullivan,57,79244 Cody Points Suite 322,Johnsonstad,North Carolina,84207,123.354166,-23.0297515
Kirsten Calderon,25,12796 Sierra Ridges Suite 913,West David,Florida,75718,1.011656,72.3688795
Allison Vincent,30,0756 Peterson Freeway,North Tina,Utah,03715,140.011779,-82.8905975
Dr. Jesus Townsend MD,74,12240 Roberts Bridge,North Tammymouth,South Dakota,70818,-78.213193,37.3355735
Alexander Clark,22,3520 Fletcher Route Apt. 447,Lake Kellyland,Utah,88233,97.753900,-16.364388
Brian Morales,42,9045 Rasmussen Spur Suite 203,Lake Paulborough,Idaho,62332,7.598784,-62.0039095
James Zimmerman,25,036 Wallace Run Suite 615,West Danielleville,Florida,94443,105.167538,-45.365165
Carol Harris,31,43459 Kimberly Spurs Apt. 066,Darinville,Mississippi,98333,153.347715,-89.587273
Deborah Beck DDS,27,75675 Tracie Prairie Suite 014,Karenbury,Washington,93954,167.724547,69.555767
Mary Wright,49,8873 Stacey Crossing Suite 425,Burtonland,New Mexico,07492,-162.713409,59.133271
Keith Hodges,20,171 Washington Vista,Lake Marcus,Tennessee,23650,-15.916207,30.3204665
Michael Hernandez,74,5193 Michael Curve Apt. 325,Lake Robinhaven,Ohio,61200,-51.128559,51.368274
Justin Calhoun,22,3838 Crawford Brook,New James,Washington,93545,28.293961,-70.4613605
Matthew Winters,20,43663 Martin Flats Apt. 654,Ginaview,Indiana,12369,40.468715,40.5852465
Bryan Daniel,27,530 Erica Coves,Santiagomouth,Oklahoma,80028,-61.154000,54.9024095
Brian Lewis,57,91288 Fritz Corners,Dalehaven,Oklahoma,16158,-94.288753,43.993734
Donna Alvarado,56,777 Stephanie Wall,West Noah,Nebraska,66856,125.335697,52.0202135
Deborah Henry,43,07398 Raymond Summit,Lake Cindy,Illinois,47895,-15.574155,-4.8181875
Amber Lowe,38,162 Cheryl Falls Apt. 831,Rothburgh,Florida,07399,-95.026985,-18.456513
Jeffrey Reed,27,303 Megan Shore Suite 611,Lake Lisa,Nebraska,58524,-30.742949,-35.188730
Thomas Bates,43,0196 Kristin Rapids,South Jillian,South Dakota,22062,-29.538542,-43.049967
Carla Blake,22,9823 Crystal Ramp,Mckenziestad,Maine,83273,55.555955,66.372204
Katherine Martin,59,975 Kathleen Crossroad Suite 635,Carterstad,Montana,45413,-108.042214,-84.213802
Shawn Wright,27,84780 Anita Rapids Apt. 715,Port Joseph,Louisiana,72523,-131.596460,-35.633497
Blake West,36,020 Richard Crossing,South Jessicamouth,Rhode Island,46849,-101.761788,54.7349145
Carla Bishop,76,4638 Robinson Trace Apt. 516,East Ryanhaven,Illinois,24131,-110.887378,-49.7536705
Thomas Tran,59,4928 James Bypass Suite 322,Lake Cynthiafort,Pennsylvania,32550,175.245157,75.858966
Denise Bond,47,702 Peterson Fort Apt. 883,West William,Ohio,85360,-11.068142,-55.8835585
Andrea Parks,67,918 Wiggins Plains Apt. 519,South Michelle,Connecticut,94885,80.312928,-88.626453
Terry Atkinson,50,305 Weaver Ridges Apt. 703,New Jasonfort,Louisiana,58245,-62.808759,-78.4102035
Brittany Holloway,69,6568 Lewis Flats Suite 108,South Brandon,Rhode Island,25696,127.716811,-0.603666
Christine Russell,78,75306 Williams Trafficway,Craigmouth,Idaho,53752,-72.787941,-5.7133975
Michael Deleon PhD,19,12482 Rickey Wall,Dianahaven,Alabama,22430,-24.816654,-64.2764835
Annette Young,58,5899 Tiffany Harbor Suite 005,Lake Sabrinachester,Iowa,03951,-9.387571,22.009298
Christopher Gomez,47,70760 Reyes Key Suite 960,West Christine,Indiana,73441,32.964714,-4.1664025
Rachel Rice,56,102 Crawford Prairie,Port Patrickmouth,Maryland,34829,130.346118,42.190135
Nicole Bowen,65,982 Garcia Street Suite 556,North Kimberlyville,Texas,76502,-152.685301,-1.3712465
Vincent Kim,28,2438 Ochoa Lakes,South Theresa,South Carolina,57100,-54.592249,-36.496678
Casey Clark,44,34118 Alexa Square Suite 736,North James,Minnesota,89238,107.138618,33.9145715
Zachary Tran,58,6967 Vanessa Harbor,Port Maxwell,Alabama,91569,-21.006217,80.1978905
Courtney Mccormick,50,40176 Nicole Light,Aguilarborough,California,61096,-55.285916,5.557305
Samantha Goodman,68,013 Nicholas Mill,Ianfort,Alabama,04635,-136.431055,-5.4990185
Sandra Brooks,74,047 Morgan Junction Suite 248,Davidberg,Nevada,96962,-179.708859,-71.042153
Michael Edwards,60,813 Chen Harbor Suite 090,Patriciafort,Michigan,42978,-151.940394,-14.1430485
Ryan Dillon,31,9614 Joyce Lane Apt. 178,North Ericport,Idaho,44464,172.737863,-29.9529855
Mary Guerra,25,44197 Hopkins Shores,Port Taylor,Maryland,79470,143.418796,-78.740656
Chad Johnson,20,83021 Tonya Cliff,New Kendraberg,Iowa,83779,12.133707,9.804799
Eric Clark,74,8292 Shelly Square Suite 948,Patelhaven,Washington,33855,20.740411,41.475146
Bruce Weiss,58,33931 Estrada Motorway,West Amanda,Alabama,72822,-176.166322,14.0817475
